ISO-10303-21;
HEADER;
FILE_DESCRIPTION(('Open CASCADE Model'),'2;1');
FILE_NAME('Open CASCADE Shape Model','2026-07-19T08:47:31',('Author'),(
    'Open CASCADE'),'Open CASCADE STEP processor 7.9','build123d',
  'Unknown');
FILE_SCHEMA(('AUTOMOTIVE_DESIGN { 1 0 10303 214 1 1 1 1 }'));
ENDSEC;
DATA;
#1 = APPLICATION_PROTOCOL_DEFINITION('international standard',
  'automotive_design',2000,#2);
#2 = APPLICATION_CONTEXT(
  'core data for automotive mechanical design processes');
#3 = SHAPE_DEFINITION_REPRESENTATION(#4,#10);
#4 = PRODUCT_DEFINITION_SHAPE('','',#5);
#5 = PRODUCT_DEFINITION('design','',#6,#9);
#6 = PRODUCT_DEFINITION_FORMATION('','',#7);
#7 = PRODUCT('COMPOUND','COMPOUND','',(#8));
#8 = PRODUCT_CONTEXT('',#2,'mechanical');
#9 = PRODUCT_DEFINITION_CONTEXT('part definition',#2,'design');
#10 = ADVANCED_BREP_SHAPE_REPRESENTATION('',(#11,#15),#2381);
#11 = AXIS2_PLACEMENT_3D('',#12,#13,#14);
#12 = CARTESIAN_POINT('',(0.,0.,0.));
#13 = DIRECTION('',(0.,0.,1.));
#14 = DIRECTION('',(1.,0.,-0.));
#15 = MANIFOLD_SOLID_BREP('',#16);
#16 = CLOSED_SHELL('',(#17,#137,#234,#323,#532,#582,#614,#667,#721,#747,
    #802,#878,#943,#997,#1040,#1047,#1082,#1156,#1209,#1257,#1289,#1659,
    #1666,#1744,#1791,#2032,#2079,#2129,#2154,#2201,#2251,#2276,#2301,
    #2308,#2315,#2322,#2377));
#17 = ADVANCED_FACE('',(#18),#32,.T.);
#18 = FACE_BOUND('',#19,.T.);
#19 = EDGE_LOOP('',(#20,#55,#83,#111));
#20 = ORIENTED_EDGE('',*,*,#21,.T.);
#21 = EDGE_CURVE('',#22,#24,#26,.T.);
#22 = VERTEX_POINT('',#23);
#23 = CARTESIAN_POINT('',(7.3,1.,1.55));
#24 = VERTEX_POINT('',#25);
#25 = CARTESIAN_POINT('',(7.3,1.,5.45));
#26 = SURFACE_CURVE('',#27,(#31,#43),.PCURVE_S1.);
#27 = LINE('',#28,#29);
#28 = CARTESIAN_POINT('',(7.3,1.,1.55));
#29 = VECTOR('',#30,1.);
#30 = DIRECTION('',(0.,0.,1.));
#31 = PCURVE('',#32,#37);
#32 = PLANE('',#33);
#33 = AXIS2_PLACEMENT_3D('',#34,#35,#36);
#34 = CARTESIAN_POINT('',(7.3,1.,1.55));
#35 = DIRECTION('',(0.,1.,0.));
#36 = DIRECTION('',(1.,0.,0.));
#37 = DEFINITIONAL_REPRESENTATION('',(#38),#42);
#38 = LINE('',#39,#40);
#39 = CARTESIAN_POINT('',(0.,0.));
#40 = VECTOR('',#41,1.);
#41 = DIRECTION('',(0.,-1.));
#42 = ( GEOMETRIC_REPRESENTATION_CONTEXT(2) 
PARAMETRIC_REPRESENTATION_CONTEXT() REPRESENTATION_CONTEXT('2D SPACE',''
  ) );
#43 = PCURVE('',#44,#49);
#44 = CYLINDRICAL_SURFACE('',#45,1.);
#45 = AXIS2_PLACEMENT_3D('',#46,#47,#48);
#46 = CARTESIAN_POINT('',(7.3,0.,1.55));
#47 = DIRECTION('',(0.,0.,-1.));
#48 = DIRECTION('',(1.,0.,0.));
#49 = DEFINITIONAL_REPRESENTATION('',(#50),#54);
#50 = LINE('',#51,#52);
#51 = CARTESIAN_POINT('',(4.712388980385,0.));
#52 = VECTOR('',#53,1.);
#53 = DIRECTION('',(0.,-1.));
#54 = ( GEOMETRIC_REPRESENTATION_CONTEXT(2) 
PARAMETRIC_REPRESENTATION_CONTEXT() REPRESENTATION_CONTEXT('2D SPACE',''
  ) );
#55 = ORIENTED_EDGE('',*,*,#56,.T.);
#56 = EDGE_CURVE('',#24,#57,#59,.T.);
#57 = VERTEX_POINT('',#58);
#58 = CARTESIAN_POINT('',(19.3,1.,5.45));
#59 = SURFACE_CURVE('',#60,(#64,#71),.PCURVE_S1.);
#60 = LINE('',#61,#62);
#61 = CARTESIAN_POINT('',(7.3,1.,5.45));
#62 = VECTOR('',#63,1.);
#63 = DIRECTION('',(1.,0.,0.));
#64 = PCURVE('',#32,#65);
#65 = DEFINITIONAL_REPRESENTATION('',(#66),#70);
#66 = LINE('',#67,#68);
#67 = CARTESIAN_POINT('',(0.,-3.9));
#68 = VECTOR('',#69,1.);
#69 = DIRECTION('',(1.,0.));
#70 = ( GEOMETRIC_REPRESENTATION_CONTEXT(2) 
PARAMETRIC_REPRESENTATION_CONTEXT() REPRESENTATION_CONTEXT('2D SPACE',''
  ) );
#71 = PCURVE('',#72,#77);
#72 = CYLINDRICAL_SURFACE('',#73,0.6);
#73 = AXIS2_PLACEMENT_3D('',#74,#75,#76);
#74 = CARTESIAN_POINT('',(7.3,0.4,5.45));
#75 = DIRECTION('',(1.,0.,0.));
#76 = DIRECTION('',(-0.,1.,0.));
#77 = DEFINITIONAL_REPRESENTATION('',(#78),#82);
#78 = LINE('',#79,#80);
#79 = CARTESIAN_POINT('',(0.,0.));
#80 = VECTOR('',#81,1.);
#81 = DIRECTION('',(0.,1.));
#82 = ( GEOMETRIC_REPRESENTATION_CONTEXT(2) 
PARAMETRIC_REPRESENTATION_CONTEXT() REPRESENTATION_CONTEXT('2D SPACE',''
  ) );
#83 = ORIENTED_EDGE('',*,*,#84,.F.);
#84 = EDGE_CURVE('',#85,#57,#87,.T.);
#85 = VERTEX_POINT('',#86);
#86 = CARTESIAN_POINT('',(19.3,1.,1.55));
#87 = SURFACE_CURVE('',#88,(#92,#99),.PCURVE_S1.);
#88 = LINE('',#89,#90);
#89 = CARTESIAN_POINT('',(19.3,1.,1.55));
#90 = VECTOR('',#91,1.);
#91 = DIRECTION('',(0.,0.,1.));
#92 = PCURVE('',#32,#93);
#93 = DEFINITIONAL_REPRESENTATION('',(#94),#98);
#94 = LINE('',#95,#96);
#95 = CARTESIAN_POINT('',(12.,0.));
#96 = VECTOR('',#97,1.);
#97 = DIRECTION('',(0.,-1.));
#98 = ( GEOMETRIC_REPRESENTATION_CONTEXT(2) 
PARAMETRIC_REPRESENTATION_CONTEXT() REPRESENTATION_CONTEXT('2D SPACE',''
  ) );
#99 = PCURVE('',#100,#105);
#100 = CYLINDRICAL_SURFACE('',#101,1.);
#101 = AXIS2_PLACEMENT_3D('',#102,#103,#104);
#102 = CARTESIAN_POINT('',(19.3,0.,1.55));
#103 = DIRECTION('',(0.,0.,-1.));
#104 = DIRECTION('',(-1.,0.,0.));
#105 = DEFINITIONAL_REPRESENTATION('',(#106),#110);
#106 = LINE('',#107,#108);
#107 = CARTESIAN_POINT('',(1.570796326795,0.));
#108 = VECTOR('',#109,1.);
#109 = DIRECTION('',(0.,-1.));
#110 = ( GEOMETRIC_REPRESENTATION_CONTEXT(2) 
PARAMETRIC_REPRESENTATION_CONTEXT() REPRESENTATION_CONTEXT('2D SPACE',''
  ) );
#111 = ORIENTED_EDGE('',*,*,#112,.T.);
#112 = EDGE_CURVE('',#85,#22,#113,.T.);
#113 = SURFACE_CURVE('',#114,(#118,#125),.PCURVE_S1.);
#114 = LINE('',#115,#116);
#115 = CARTESIAN_POINT('',(19.3,1.,1.55));
#116 = VECTOR('',#117,1.);
#117 = DIRECTION('',(-1.,0.,0.));
#118 = PCURVE('',#32,#119);
#119 = DEFINITIONAL_REPRESENTATION('',(#120),#124);
#120 = LINE('',#121,#122);
#121 = CARTESIAN_POINT('',(12.,0.));
#122 = VECTOR('',#123,1.);
#123 = DIRECTION('',(-1.,0.));
#124 = ( GEOMETRIC_REPRESENTATION_CONTEXT(2) 
PARAMETRIC_REPRESENTATION_CONTEXT() REPRESENTATION_CONTEXT('2D SPACE',''
  ) );
#125 = PCURVE('',#126,#131);
#126 = PLANE('',#127);
#127 = AXIS2_PLACEMENT_3D('',#128,#129,#130);
#128 = CARTESIAN_POINT('',(0.,0.,1.55));
#129 = DIRECTION('',(0.,0.,1.));
#130 = DIRECTION('',(1.,0.,-0.));
#131 = DEFINITIONAL_REPRESENTATION('',(#132),#136);
#132 = LINE('',#133,#134);
#133 = CARTESIAN_POINT('',(19.3,1.));
#134 = VECTOR('',#135,1.);
#135 = DIRECTION('',(-1.,0.));
#136 = ( GEOMETRIC_REPRESENTATION_CONTEXT(2) 
PARAMETRIC_REPRESENTATION_CONTEXT() REPRESENTATION_CONTEXT('2D SPACE',''
  ) );
#137 = ADVANCED_FACE('',(#138),#44,.T.);
#138 = FACE_BOUND('',#139,.T.);
#139 = EDGE_LOOP('',(#140,#170,#207,#208));
#140 = ORIENTED_EDGE('',*,*,#141,.T.);
#141 = EDGE_CURVE('',#142,#144,#146,.T.);
#142 = VERTEX_POINT('',#143);
#143 = CARTESIAN_POINT('',(7.3,-1.,1.55));
#144 = VERTEX_POINT('',#145);
#145 = CARTESIAN_POINT('',(7.3,-1.,5.45));
#146 = SURFACE_CURVE('',#147,(#151,#158),.PCURVE_S1.);
#147 = LINE('',#148,#149);
#148 = CARTESIAN_POINT('',(7.3,-1.,1.55));
#149 = VECTOR('',#150,1.);
#150 = DIRECTION('',(0.,0.,1.));
#151 = PCURVE('',#44,#152);
#152 = DEFINITIONAL_REPRESENTATION('',(#153),#157);
#153 = LINE('',#154,#155);
#154 = CARTESIAN_POINT('',(1.570796326795,0.));
#155 = VECTOR('',#156,1.);
#156 = DIRECTION('',(0.,-1.));
#157 = ( GEOMETRIC_REPRESENTATION_CONTEXT(2) 
PARAMETRIC_REPRESENTATION_CONTEXT() REPRESENTATION_CONTEXT('2D SPACE',''
  ) );
#158 = PCURVE('',#159,#164);
#159 = PLANE('',#160);
#160 = AXIS2_PLACEMENT_3D('',#161,#162,#163);
#161 = CARTESIAN_POINT('',(13.3,-1.,1.55));
#162 = DIRECTION('',(0.,1.,0.));
#163 = DIRECTION('',(1.,0.,0.));
#164 = DEFINITIONAL_REPRESENTATION('',(#165),#169);
#165 = LINE('',#166,#167);
#166 = CARTESIAN_POINT('',(-6.,0.));
#167 = VECTOR('',#168,1.);
#168 = DIRECTION('',(0.,-1.));
#169 = ( GEOMETRIC_REPRESENTATION_CONTEXT(2) 
PARAMETRIC_REPRESENTATION_CONTEXT() REPRESENTATION_CONTEXT('2D SPACE',''
  ) );
#170 = ORIENTED_EDGE('',*,*,#171,.T.);
#171 = EDGE_CURVE('',#144,#24,#172,.T.);
#172 = SURFACE_CURVE('',#173,(#178,#185),.PCURVE_S1.);
#173 = CIRCLE('',#174,1.);
#174 = AXIS2_PLACEMENT_3D('',#175,#176,#177);
#175 = CARTESIAN_POINT('',(7.3,0.,5.45));
#176 = DIRECTION('',(-0.,-0.,-1.));
#177 = DIRECTION('',(0.,-1.,0.));
#178 = PCURVE('',#44,#179);
#179 = DEFINITIONAL_REPRESENTATION('',(#180),#184);
#180 = LINE('',#181,#182);
#181 = CARTESIAN_POINT('',(1.570796326795,-3.9));
#182 = VECTOR('',#183,1.);
#183 = DIRECTION('',(1.,0.));
#184 = ( GEOMETRIC_REPRESENTATION_CONTEXT(2) 
PARAMETRIC_REPRESENTATION_CONTEXT() REPRESENTATION_CONTEXT('2D SPACE',''
  ) );
#185 = PCURVE('',#186,#201);
#186 = SURFACE_OF_REVOLUTION('',#187,#198);
#187 = B_SPLINE_CURVE_WITH_KNOTS('',5,(#188,#189,#190,#191,#192,#193,
    #194,#195,#196,#197),.UNSPECIFIED.,.F.,.F.,(6,4,6),(0.,
    0.785398163397,1.570796326795),.UNSPECIFIED.);
#188 = CARTESIAN_POINT('',(7.3,-1.,5.45));
#189 = CARTESIAN_POINT('',(7.3,-1.,5.544247779608));
#190 = CARTESIAN_POINT('',(7.3,-0.981498644233,5.638497052389));
#191 = CARTESIAN_POINT('',(7.3,-0.944469178566,5.72789409061));
#192 = CARTESIAN_POINT('',(7.3,-0.890907312784,5.80762082464));
#193 = CARTESIAN_POINT('',(7.3,-0.75762082464,5.940907312784));
#194 = CARTESIAN_POINT('',(7.3,-0.67789409061,5.994469178566));
#195 = CARTESIAN_POINT('',(7.3,-0.588497052389,6.031498644233));
#196 = CARTESIAN_POINT('',(7.3,-0.494247779608,6.05));
#197 = CARTESIAN_POINT('',(7.3,-0.4,6.05));
#198 = AXIS1_PLACEMENT('',#199,#200);
#199 = CARTESIAN_POINT('',(7.3,0.,5.45));
#200 = DIRECTION('',(0.,0.,1.));
#201 = DEFINITIONAL_REPRESENTATION('',(#202),#206);
#202 = LINE('',#203,#204);
#203 = CARTESIAN_POINT('',(-0.,0.));
#204 = VECTOR('',#205,1.);
#205 = DIRECTION('',(-1.,0.));
#206 = ( GEOMETRIC_REPRESENTATION_CONTEXT(2) 
PARAMETRIC_REPRESENTATION_CONTEXT() REPRESENTATION_CONTEXT('2D SPACE',''
  ) );
#207 = ORIENTED_EDGE('',*,*,#21,.F.);
#208 = ORIENTED_EDGE('',*,*,#209,.F.);
#209 = EDGE_CURVE('',#142,#22,#210,.T.);
#210 = SURFACE_CURVE('',#211,(#216,#223),.PCURVE_S1.);
#211 = CIRCLE('',#212,1.);
#212 = AXIS2_PLACEMENT_3D('',#213,#214,#215);
#213 = CARTESIAN_POINT('',(7.3,0.,1.55));
#214 = DIRECTION('',(0.,0.,-1.));
#215 = DIRECTION('',(1.,0.,0.));
#216 = PCURVE('',#44,#217);
#217 = DEFINITIONAL_REPRESENTATION('',(#218),#222);
#218 = LINE('',#219,#220);
#219 = CARTESIAN_POINT('',(0.,0.));
#220 = VECTOR('',#221,1.);
#221 = DIRECTION('',(1.,0.));
#222 = ( GEOMETRIC_REPRESENTATION_CONTEXT(2) 
PARAMETRIC_REPRESENTATION_CONTEXT() REPRESENTATION_CONTEXT('2D SPACE',''
  ) );
#223 = PCURVE('',#126,#224);
#224 = DEFINITIONAL_REPRESENTATION('',(#225),#233);
#225 = ( BOUNDED_CURVE() B_SPLINE_CURVE(2,(#226,#227,#228,#229,#230,#231
,#232),.UNSPECIFIED.,.T.,.F.) B_SPLINE_CURVE_WITH_KNOTS((1,2,2,2,2,1),(
    -2.094395102393,0.,2.094395102393,4.188790204786,6.28318530718,
8.377580409573),.UNSPECIFIED.) CURVE() GEOMETRIC_REPRESENTATION_ITEM() 
RATIONAL_B_SPLINE_CURVE((1.,0.5,1.,0.5,1.,0.5,1.)) REPRESENTATION_ITEM(
  '') );
#226 = CARTESIAN_POINT('',(8.3,0.));
#227 = CARTESIAN_POINT('',(8.3,-1.732050807569));
#228 = CARTESIAN_POINT('',(6.8,-0.866025403784));
#229 = CARTESIAN_POINT('',(5.3,-2.449293598295E-16));
#230 = CARTESIAN_POINT('',(6.8,0.866025403784));
#231 = CARTESIAN_POINT('',(8.3,1.732050807569));
#232 = CARTESIAN_POINT('',(8.3,0.));
#233 = ( GEOMETRIC_REPRESENTATION_CONTEXT(2) 
PARAMETRIC_REPRESENTATION_CONTEXT() REPRESENTATION_CONTEXT('2D SPACE',''
  ) );
#234 = ADVANCED_FACE('',(#235),#72,.T.);
#235 = FACE_BOUND('',#236,.T.);
#236 = EDGE_LOOP('',(#237,#259,#287,#322));
#237 = ORIENTED_EDGE('',*,*,#238,.T.);
#238 = EDGE_CURVE('',#24,#239,#241,.T.);
#239 = VERTEX_POINT('',#240);
#240 = CARTESIAN_POINT('',(7.3,0.4,6.05));
#241 = SURFACE_CURVE('',#242,(#247,#253),.PCURVE_S1.);
#242 = CIRCLE('',#243,0.6);
#243 = AXIS2_PLACEMENT_3D('',#244,#245,#246);
#244 = CARTESIAN_POINT('',(7.3,0.4,5.45));
#245 = DIRECTION('',(1.,0.,0.));
#246 = DIRECTION('',(-0.,1.,0.));
#247 = PCURVE('',#72,#248);
#248 = DEFINITIONAL_REPRESENTATION('',(#249),#252);
#249 = B_SPLINE_CURVE_WITH_KNOTS('',1,(#250,#251),.UNSPECIFIED.,.F.,.F.,
  (2,2),(0.,1.570796326795),.PIECEWISE_BEZIER_KNOTS.);
#250 = CARTESIAN_POINT('',(0.,0.));
#251 = CARTESIAN_POINT('',(1.570796326795,0.));
#252 = ( GEOMETRIC_REPRESENTATION_CONTEXT(2) 
PARAMETRIC_REPRESENTATION_CONTEXT() REPRESENTATION_CONTEXT('2D SPACE',''
  ) );
#253 = PCURVE('',#186,#254);
#254 = DEFINITIONAL_REPRESENTATION('',(#255),#258);
#255 = B_SPLINE_CURVE_WITH_KNOTS('',1,(#256,#257),.UNSPECIFIED.,.F.,.F.,
  (2,2),(0.,1.570796326795),.PIECEWISE_BEZIER_KNOTS.);
#256 = CARTESIAN_POINT('',(-3.14159265359,0.));
#257 = CARTESIAN_POINT('',(-3.14159265359,1.570796326795));
#258 = ( GEOMETRIC_REPRESENTATION_CONTEXT(2) 
PARAMETRIC_REPRESENTATION_CONTEXT() REPRESENTATION_CONTEXT('2D SPACE',''
  ) );
#259 = ORIENTED_EDGE('',*,*,#260,.T.);
#260 = EDGE_CURVE('',#239,#261,#263,.T.);
#261 = VERTEX_POINT('',#262);
#262 = CARTESIAN_POINT('',(19.3,0.4,6.05));
#263 = SURFACE_CURVE('',#264,(#268,#275),.PCURVE_S1.);
#264 = LINE('',#265,#266);
#265 = CARTESIAN_POINT('',(7.3,0.4,6.05));
#266 = VECTOR('',#267,1.);
#267 = DIRECTION('',(1.,0.,0.));
#268 = PCURVE('',#72,#269);
#269 = DEFINITIONAL_REPRESENTATION('',(#270),#274);
#270 = LINE('',#271,#272);
#271 = CARTESIAN_POINT('',(1.570796326795,0.));
#272 = VECTOR('',#273,1.);
#273 = DIRECTION('',(0.,1.));
#274 = ( GEOMETRIC_REPRESENTATION_CONTEXT(2) 
PARAMETRIC_REPRESENTATION_CONTEXT() REPRESENTATION_CONTEXT('2D SPACE',''
  ) );
#275 = PCURVE('',#276,#281);
#276 = PLANE('',#277);
#277 = AXIS2_PLACEMENT_3D('',#278,#279,#280);
#278 = CARTESIAN_POINT('',(13.3,0.,6.05));
#279 = DIRECTION('',(0.,0.,1.));
#280 = DIRECTION('',(1.,0.,0.));
#281 = DEFINITIONAL_REPRESENTATION('',(#282),#286);
#282 = LINE('',#283,#284);
#283 = CARTESIAN_POINT('',(-6.,0.4));
#284 = VECTOR('',#285,1.);
#285 = DIRECTION('',(1.,0.));
#286 = ( GEOMETRIC_REPRESENTATION_CONTEXT(2) 
PARAMETRIC_REPRESENTATION_CONTEXT() REPRESENTATION_CONTEXT('2D SPACE',''
  ) );
#287 = ORIENTED_EDGE('',*,*,#288,.F.);
#288 = EDGE_CURVE('',#57,#261,#289,.T.);
#289 = SURFACE_CURVE('',#290,(#295,#301),.PCURVE_S1.);
#290 = CIRCLE('',#291,0.6);
#291 = AXIS2_PLACEMENT_3D('',#292,#293,#294);
#292 = CARTESIAN_POINT('',(19.3,0.4,5.45));
#293 = DIRECTION('',(1.,0.,0.));
#294 = DIRECTION('',(-0.,1.,0.));
#295 = PCURVE('',#72,#296);
#296 = DEFINITIONAL_REPRESENTATION('',(#297),#300);
#297 = B_SPLINE_CURVE_WITH_KNOTS('',1,(#298,#299),.UNSPECIFIED.,.F.,.F.,
  (2,2),(0.,1.570796326795),.PIECEWISE_BEZIER_KNOTS.);
#298 = CARTESIAN_POINT('',(0.,12.));
#299 = CARTESIAN_POINT('',(1.570796326795,12.));
#300 = ( GEOMETRIC_REPRESENTATION_CONTEXT(2) 
PARAMETRIC_REPRESENTATION_CONTEXT() REPRESENTATION_CONTEXT('2D SPACE',''
  ) );
#301 = PCURVE('',#302,#317);
#302 = SURFACE_OF_REVOLUTION('',#303,#314);
#303 = B_SPLINE_CURVE_WITH_KNOTS('',5,(#304,#305,#306,#307,#308,#309,
    #310,#311,#312,#313),.UNSPECIFIED.,.F.,.F.,(6,4,6),(0.,
    0.785398163397,1.570796326795),.UNSPECIFIED.);
#304 = CARTESIAN_POINT('',(19.3,1.,5.45));
#305 = CARTESIAN_POINT('',(19.3,1.,5.544247779608));
#306 = CARTESIAN_POINT('',(19.3,0.981498644233,5.638497052389));
#307 = CARTESIAN_POINT('',(19.3,0.944469178566,5.72789409061));
#308 = CARTESIAN_POINT('',(19.3,0.890907312784,5.80762082464));
#309 = CARTESIAN_POINT('',(19.3,0.75762082464,5.940907312784));
#310 = CARTESIAN_POINT('',(19.3,0.67789409061,5.994469178566));
#311 = CARTESIAN_POINT('',(19.3,0.588497052389,6.031498644233));
#312 = CARTESIAN_POINT('',(19.3,0.494247779608,6.05));
#313 = CARTESIAN_POINT('',(19.3,0.4,6.05));
#314 = AXIS1_PLACEMENT('',#315,#316);
#315 = CARTESIAN_POINT('',(19.3,0.,5.45));
#316 = DIRECTION('',(0.,0.,1.));
#317 = DEFINITIONAL_REPRESENTATION('',(#318),#321);
#318 = B_SPLINE_CURVE_WITH_KNOTS('',1,(#319,#320),.UNSPECIFIED.,.F.,.F.,
  (2,2),(0.,1.570796326795),.PIECEWISE_BEZIER_KNOTS.);
#319 = CARTESIAN_POINT('',(0.,0.));
#320 = CARTESIAN_POINT('',(0.,1.570796326795));
#321 = ( GEOMETRIC_REPRESENTATION_CONTEXT(2) 
PARAMETRIC_REPRESENTATION_CONTEXT() REPRESENTATION_CONTEXT('2D SPACE',''
  ) );
#322 = ORIENTED_EDGE('',*,*,#56,.F.);
#323 = ADVANCED_FACE('',(#324,#355,#408),#126,.T.);
#324 = FACE_BOUND('',#325,.T.);
#325 = EDGE_LOOP('',(#326));
#326 = ORIENTED_EDGE('',*,*,#327,.T.);
#327 = EDGE_CURVE('',#328,#328,#330,.T.);
#328 = VERTEX_POINT('',#329);
#329 = CARTESIAN_POINT('',(21.3,-5.216995364368E-15,1.55));
#330 = SURFACE_CURVE('',#331,(#336,#343),.PCURVE_S1.);
#331 = CIRCLE('',#332,21.3);
#332 = AXIS2_PLACEMENT_3D('',#333,#334,#335);
#333 = CARTESIAN_POINT('',(0.,0.,1.55));
#334 = DIRECTION('',(0.,0.,1.));
#335 = DIRECTION('',(1.,0.,-0.));
#336 = PCURVE('',#126,#337);
#337 = DEFINITIONAL_REPRESENTATION('',(#338),#342);
#338 = CIRCLE('',#339,21.3);
#339 = AXIS2_PLACEMENT_2D('',#340,#341);
#340 = CARTESIAN_POINT('',(0.,0.));
#341 = DIRECTION('',(1.,0.));
#342 = ( GEOMETRIC_REPRESENTATION_CONTEXT(2) 
PARAMETRIC_REPRESENTATION_CONTEXT() REPRESENTATION_CONTEXT('2D SPACE',''
  ) );
#343 = PCURVE('',#344,#349);
#344 = CYLINDRICAL_SURFACE('',#345,21.3);
#345 = AXIS2_PLACEMENT_3D('',#346,#347,#348);
#346 = CARTESIAN_POINT('',(0.,0.,0.));
#347 = DIRECTION('',(0.,0.,1.));
#348 = DIRECTION('',(1.,0.,-0.));
#349 = DEFINITIONAL_REPRESENTATION('',(#350),#354);
#350 = LINE('',#351,#352);
#351 = CARTESIAN_POINT('',(0.,1.55));
#352 = VECTOR('',#353,1.);
#353 = DIRECTION('',(1.,0.));
#354 = ( GEOMETRIC_REPRESENTATION_CONTEXT(2) 
PARAMETRIC_REPRESENTATION_CONTEXT() REPRESENTATION_CONTEXT('2D SPACE',''
  ) );
#355 = FACE_BOUND('',#356,.T.);
#356 = EDGE_LOOP('',(#357,#358,#386,#407));
#357 = ORIENTED_EDGE('',*,*,#112,.F.);
#358 = ORIENTED_EDGE('',*,*,#359,.T.);
#359 = EDGE_CURVE('',#85,#360,#362,.T.);
#360 = VERTEX_POINT('',#361);
#361 = CARTESIAN_POINT('',(19.3,-1.,1.55));
#362 = SURFACE_CURVE('',#363,(#368,#379),.PCURVE_S1.);
#363 = CIRCLE('',#364,1.);
#364 = AXIS2_PLACEMENT_3D('',#365,#366,#367);
#365 = CARTESIAN_POINT('',(19.3,0.,1.55));
#366 = DIRECTION('',(0.,0.,-1.));
#367 = DIRECTION('',(-1.,0.,0.));
#368 = PCURVE('',#126,#369);
#369 = DEFINITIONAL_REPRESENTATION('',(#370),#378);
#370 = ( BOUNDED_CURVE() B_SPLINE_CURVE(2,(#371,#372,#373,#374,#375,#376
,#377),.UNSPECIFIED.,.T.,.F.) B_SPLINE_CURVE_WITH_KNOTS((1,2,2,2,2,1),(
    -2.094395102393,0.,2.094395102393,4.188790204786,6.28318530718,
8.377580409573),.UNSPECIFIED.) CURVE() GEOMETRIC_REPRESENTATION_ITEM() 
RATIONAL_B_SPLINE_CURVE((1.,0.5,1.,0.5,1.,0.5,1.)) REPRESENTATION_ITEM(
  '') );
#371 = CARTESIAN_POINT('',(18.3,0.));
#372 = CARTESIAN_POINT('',(18.3,1.732050807569));
#373 = CARTESIAN_POINT('',(19.8,0.866025403784));
#374 = CARTESIAN_POINT('',(21.3,2.449293598295E-16));
#375 = CARTESIAN_POINT('',(19.8,-0.866025403784));
#376 = CARTESIAN_POINT('',(18.3,-1.732050807569));
#377 = CARTESIAN_POINT('',(18.3,0.));
#378 = ( GEOMETRIC_REPRESENTATION_CONTEXT(2) 
PARAMETRIC_REPRESENTATION_CONTEXT() REPRESENTATION_CONTEXT('2D SPACE',''
  ) );
#379 = PCURVE('',#100,#380);
#380 = DEFINITIONAL_REPRESENTATION('',(#381),#385);
#381 = LINE('',#382,#383);
#382 = CARTESIAN_POINT('',(0.,0.));
#383 = VECTOR('',#384,1.);
#384 = DIRECTION('',(1.,0.));
#385 = ( GEOMETRIC_REPRESENTATION_CONTEXT(2) 
PARAMETRIC_REPRESENTATION_CONTEXT() REPRESENTATION_CONTEXT('2D SPACE',''
  ) );
#386 = ORIENTED_EDGE('',*,*,#387,.F.);
#387 = EDGE_CURVE('',#142,#360,#388,.T.);
#388 = SURFACE_CURVE('',#389,(#393,#400),.PCURVE_S1.);
#389 = LINE('',#390,#391);
#390 = CARTESIAN_POINT('',(7.3,-1.,1.55));
#391 = VECTOR('',#392,1.);
#392 = DIRECTION('',(1.,0.,0.));
#393 = PCURVE('',#126,#394);
#394 = DEFINITIONAL_REPRESENTATION('',(#395),#399);
#395 = LINE('',#396,#397);
#396 = CARTESIAN_POINT('',(7.3,-1.));
#397 = VECTOR('',#398,1.);
#398 = DIRECTION('',(1.,0.));
#399 = ( GEOMETRIC_REPRESENTATION_CONTEXT(2) 
PARAMETRIC_REPRESENTATION_CONTEXT() REPRESENTATION_CONTEXT('2D SPACE',''
  ) );
#400 = PCURVE('',#159,#401);
#401 = DEFINITIONAL_REPRESENTATION('',(#402),#406);
#402 = LINE('',#403,#404);
#403 = CARTESIAN_POINT('',(-6.,0.));
#404 = VECTOR('',#405,1.);
#405 = DIRECTION('',(1.,0.));
#406 = ( GEOMETRIC_REPRESENTATION_CONTEXT(2) 
PARAMETRIC_REPRESENTATION_CONTEXT() REPRESENTATION_CONTEXT('2D SPACE',''
  ) );
#407 = ORIENTED_EDGE('',*,*,#209,.T.);
#408 = FACE_BOUND('',#409,.T.);
#409 = EDGE_LOOP('',(#410,#440,#473,#501));
#410 = ORIENTED_EDGE('',*,*,#411,.F.);
#411 = EDGE_CURVE('',#412,#414,#416,.T.);
#412 = VERTEX_POINT('',#413);
#413 = CARTESIAN_POINT('',(-19.3,-1.,1.55));
#414 = VERTEX_POINT('',#415);
#415 = CARTESIAN_POINT('',(-7.3,-1.,1.55));
#416 = SURFACE_CURVE('',#417,(#421,#428),.PCURVE_S1.);
#417 = LINE('',#418,#419);
#418 = CARTESIAN_POINT('',(-19.3,-1.,1.55));
#419 = VECTOR('',#420,1.);
#420 = DIRECTION('',(1.,-1.224646799147E-16,0.));
#421 = PCURVE('',#126,#422);
#422 = DEFINITIONAL_REPRESENTATION('',(#423),#427);
#423 = LINE('',#424,#425);
#424 = CARTESIAN_POINT('',(-19.3,-1.));
#425 = VECTOR('',#426,1.);
#426 = DIRECTION('',(1.,-1.224646799147E-16));
#427 = ( GEOMETRIC_REPRESENTATION_CONTEXT(2) 
PARAMETRIC_REPRESENTATION_CONTEXT() REPRESENTATION_CONTEXT('2D SPACE',''
  ) );
#428 = PCURVE('',#429,#434);
#429 = PLANE('',#430);
#430 = AXIS2_PLACEMENT_3D('',#431,#432,#433);
#431 = CARTESIAN_POINT('',(-7.3,-1.,1.55));
#432 = DIRECTION('',(-1.224646799147E-16,-1.,0.));
#433 = DIRECTION('',(-1.,1.224646799147E-16,0.));
#434 = DEFINITIONAL_REPRESENTATION('',(#435),#439);
#435 = LINE('',#436,#437);
#436 = CARTESIAN_POINT('',(12.,0.));
#437 = VECTOR('',#438,1.);
#438 = DIRECTION('',(-1.,0.));
#439 = ( GEOMETRIC_REPRESENTATION_CONTEXT(2) 
PARAMETRIC_REPRESENTATION_CONTEXT() REPRESENTATION_CONTEXT('2D SPACE',''
  ) );
#440 = ORIENTED_EDGE('',*,*,#441,.T.);
#441 = EDGE_CURVE('',#412,#442,#444,.T.);
#442 = VERTEX_POINT('',#443);
#443 = CARTESIAN_POINT('',(-19.3,1.,1.55));
#444 = SURFACE_CURVE('',#445,(#450,#461),.PCURVE_S1.);
#445 = CIRCLE('',#446,1.);
#446 = AXIS2_PLACEMENT_3D('',#447,#448,#449);
#447 = CARTESIAN_POINT('',(-19.3,2.363568322354E-15,1.55));
#448 = DIRECTION('',(0.,-0.,-1.));
#449 = DIRECTION('',(1.,-1.224646799147E-16,0.));
#450 = PCURVE('',#126,#451);
#451 = DEFINITIONAL_REPRESENTATION('',(#452),#460);
#452 = ( BOUNDED_CURVE() B_SPLINE_CURVE(2,(#453,#454,#455,#456,#457,#458
,#459),.UNSPECIFIED.,.T.,.F.) B_SPLINE_CURVE_WITH_KNOTS((1,2,2,2,2,1),(
    -2.094395102393,0.,2.094395102393,4.188790204786,6.28318530718,
8.377580409573),.UNSPECIFIED.) CURVE() GEOMETRIC_REPRESENTATION_ITEM() 
RATIONAL_B_SPLINE_CURVE((1.,0.5,1.,0.5,1.,0.5,1.)) REPRESENTATION_ITEM(
  '') );
#453 = CARTESIAN_POINT('',(-18.3,2.24110364244E-15));
#454 = CARTESIAN_POINT('',(-18.3,-1.732050807569));
#455 = CARTESIAN_POINT('',(-19.8,-0.866025403784));
#456 = CARTESIAN_POINT('',(-21.3,2.363568322354E-15));
#457 = CARTESIAN_POINT('',(-19.8,0.866025403784));
#458 = CARTESIAN_POINT('',(-18.3,1.732050807569));
#459 = CARTESIAN_POINT('',(-18.3,2.24110364244E-15));
#460 = ( GEOMETRIC_REPRESENTATION_CONTEXT(2) 
PARAMETRIC_REPRESENTATION_CONTEXT() REPRESENTATION_CONTEXT('2D SPACE',''
  ) );
#461 = PCURVE('',#462,#467);
#462 = CYLINDRICAL_SURFACE('',#463,1.);
#463 = AXIS2_PLACEMENT_3D('',#464,#465,#466);
#464 = CARTESIAN_POINT('',(-19.3,2.363568322354E-15,1.55));
#465 = DIRECTION('',(-0.,0.,-1.));
#466 = DIRECTION('',(1.,-1.224646799147E-16,0.));
#467 = DEFINITIONAL_REPRESENTATION('',(#468),#472);
#468 = LINE('',#469,#470);
#469 = CARTESIAN_POINT('',(0.,0.));
#470 = VECTOR('',#471,1.);
#471 = DIRECTION('',(1.,0.));
#472 = ( GEOMETRIC_REPRESENTATION_CONTEXT(2) 
PARAMETRIC_REPRESENTATION_CONTEXT() REPRESENTATION_CONTEXT('2D SPACE',''
  ) );
#473 = ORIENTED_EDGE('',*,*,#474,.F.);
#474 = EDGE_CURVE('',#475,#442,#477,.T.);
#475 = VERTEX_POINT('',#476);
#476 = CARTESIAN_POINT('',(-7.3,1.,1.55));
#477 = SURFACE_CURVE('',#478,(#482,#489),.PCURVE_S1.);
#478 = LINE('',#479,#480);
#479 = CARTESIAN_POINT('',(-7.3,1.,1.55));
#480 = VECTOR('',#481,1.);
#481 = DIRECTION('',(-1.,1.224646799147E-16,0.));
#482 = PCURVE('',#126,#483);
#483 = DEFINITIONAL_REPRESENTATION('',(#484),#488);
#484 = LINE('',#485,#486);
#485 = CARTESIAN_POINT('',(-7.3,1.));
#486 = VECTOR('',#487,1.);
#487 = DIRECTION('',(-1.,1.224646799147E-16));
#488 = ( GEOMETRIC_REPRESENTATION_CONTEXT(2) 
PARAMETRIC_REPRESENTATION_CONTEXT() REPRESENTATION_CONTEXT('2D SPACE',''
  ) );
#489 = PCURVE('',#490,#495);
#490 = PLANE('',#491);
#491 = AXIS2_PLACEMENT_3D('',#492,#493,#494);
#492 = CARTESIAN_POINT('',(-13.3,1.,1.55));
#493 = DIRECTION('',(-1.224646799147E-16,-1.,0.));
#494 = DIRECTION('',(-1.,1.224646799147E-16,0.));
#495 = DEFINITIONAL_REPRESENTATION('',(#496),#500);
#496 = LINE('',#497,#498);
#497 = CARTESIAN_POINT('',(-6.,0.));
#498 = VECTOR('',#499,1.);
#499 = DIRECTION('',(1.,0.));
#500 = ( GEOMETRIC_REPRESENTATION_CONTEXT(2) 
PARAMETRIC_REPRESENTATION_CONTEXT() REPRESENTATION_CONTEXT('2D SPACE',''
  ) );
#501 = ORIENTED_EDGE('',*,*,#502,.T.);
#502 = EDGE_CURVE('',#475,#414,#503,.T.);
#503 = SURFACE_CURVE('',#504,(#509,#520),.PCURVE_S1.);
#504 = CIRCLE('',#505,1.);
#505 = AXIS2_PLACEMENT_3D('',#506,#507,#508);
#506 = CARTESIAN_POINT('',(-7.3,8.939921633776E-16,1.55));
#507 = DIRECTION('',(0.,0.,-1.));
#508 = DIRECTION('',(-1.,1.224646799147E-16,0.));
#509 = PCURVE('',#126,#510);
#510 = DEFINITIONAL_REPRESENTATION('',(#511),#519);
#511 = ( BOUNDED_CURVE() B_SPLINE_CURVE(2,(#512,#513,#514,#515,#516,#517
,#518),.UNSPECIFIED.,.T.,.F.) B_SPLINE_CURVE_WITH_KNOTS((1,2,2,2,2,1),(
    -2.094395102393,0.,2.094395102393,4.188790204786,6.28318530718,
8.377580409573),.UNSPECIFIED.) CURVE() GEOMETRIC_REPRESENTATION_ITEM() 
RATIONAL_B_SPLINE_CURVE((1.,0.5,1.,0.5,1.,0.5,1.)) REPRESENTATION_ITEM(
  '') );
#512 = CARTESIAN_POINT('',(-8.3,1.016456843292E-15));
#513 = CARTESIAN_POINT('',(-8.3,1.732050807569));
#514 = CARTESIAN_POINT('',(-6.8,0.866025403784));
#515 = CARTESIAN_POINT('',(-5.3,8.939921633776E-16));
#516 = CARTESIAN_POINT('',(-6.8,-0.866025403784));
#517 = CARTESIAN_POINT('',(-8.3,-1.732050807569));
#518 = CARTESIAN_POINT('',(-8.3,1.016456843292E-15));
#519 = ( GEOMETRIC_REPRESENTATION_CONTEXT(2) 
PARAMETRIC_REPRESENTATION_CONTEXT() REPRESENTATION_CONTEXT('2D SPACE',''
  ) );
#520 = PCURVE('',#521,#526);
#521 = CYLINDRICAL_SURFACE('',#522,1.);
#522 = AXIS2_PLACEMENT_3D('',#523,#524,#525);
#523 = CARTESIAN_POINT('',(-7.3,8.939921633776E-16,1.55));
#524 = DIRECTION('',(-0.,0.,-1.));
#525 = DIRECTION('',(-1.,1.224646799147E-16,0.));
#526 = DEFINITIONAL_REPRESENTATION('',(#527),#531);
#527 = LINE('',#528,#529);
#528 = CARTESIAN_POINT('',(0.,0.));
#529 = VECTOR('',#530,1.);
#530 = DIRECTION('',(1.,0.));
#531 = ( GEOMETRIC_REPRESENTATION_CONTEXT(2) 
PARAMETRIC_REPRESENTATION_CONTEXT() REPRESENTATION_CONTEXT('2D SPACE',''
  ) );
#532 = ADVANCED_FACE('',(#533),#100,.T.);
#533 = FACE_BOUND('',#534,.T.);
#534 = EDGE_LOOP('',(#535,#536,#560,#581));
#535 = ORIENTED_EDGE('',*,*,#84,.T.);
#536 = ORIENTED_EDGE('',*,*,#537,.T.);
#537 = EDGE_CURVE('',#57,#538,#540,.T.);
#538 = VERTEX_POINT('',#539);
#539 = CARTESIAN_POINT('',(19.3,-1.,5.45));
#540 = SURFACE_CURVE('',#541,(#546,#553),.PCURVE_S1.);
#541 = CIRCLE('',#542,1.);
#542 = AXIS2_PLACEMENT_3D('',#543,#544,#545);
#543 = CARTESIAN_POINT('',(19.3,0.,5.45));
#544 = DIRECTION('',(0.,-0.,-1.));
#545 = DIRECTION('',(0.,1.,-0.));
#546 = PCURVE('',#100,#547);
#547 = DEFINITIONAL_REPRESENTATION('',(#548),#552);
#548 = LINE('',#549,#550);
#549 = CARTESIAN_POINT('',(1.570796326795,-3.9));
#550 = VECTOR('',#551,1.);
#551 = DIRECTION('',(1.,0.));
#552 = ( GEOMETRIC_REPRESENTATION_CONTEXT(2) 
PARAMETRIC_REPRESENTATION_CONTEXT() REPRESENTATION_CONTEXT('2D SPACE',''
  ) );
#553 = PCURVE('',#302,#554);
#554 = DEFINITIONAL_REPRESENTATION('',(#555),#559);
#555 = LINE('',#556,#557);
#556 = CARTESIAN_POINT('',(-0.,0.));
#557 = VECTOR('',#558,1.);
#558 = DIRECTION('',(-1.,0.));
#559 = ( GEOMETRIC_REPRESENTATION_CONTEXT(2) 
PARAMETRIC_REPRESENTATION_CONTEXT() REPRESENTATION_CONTEXT('2D SPACE',''
  ) );
#560 = ORIENTED_EDGE('',*,*,#561,.F.);
#561 = EDGE_CURVE('',#360,#538,#562,.T.);
#562 = SURFACE_CURVE('',#563,(#567,#574),.PCURVE_S1.);
#563 = LINE('',#564,#565);
#564 = CARTESIAN_POINT('',(19.3,-1.,1.55));
#565 = VECTOR('',#566,1.);
#566 = DIRECTION('',(0.,0.,1.));
#567 = PCURVE('',#100,#568);
#568 = DEFINITIONAL_REPRESENTATION('',(#569),#573);
#569 = LINE('',#570,#571);
#570 = CARTESIAN_POINT('',(4.712388980385,0.));
#571 = VECTOR('',#572,1.);
#572 = DIRECTION('',(0.,-1.));
#573 = ( GEOMETRIC_REPRESENTATION_CONTEXT(2) 
PARAMETRIC_REPRESENTATION_CONTEXT() REPRESENTATION_CONTEXT('2D SPACE',''
  ) );
#574 = PCURVE('',#159,#575);
#575 = DEFINITIONAL_REPRESENTATION('',(#576),#580);
#576 = LINE('',#577,#578);
#577 = CARTESIAN_POINT('',(6.,0.));
#578 = VECTOR('',#579,1.);
#579 = DIRECTION('',(0.,-1.));
#580 = ( GEOMETRIC_REPRESENTATION_CONTEXT(2) 
PARAMETRIC_REPRESENTATION_CONTEXT() REPRESENTATION_CONTEXT('2D SPACE',''
  ) );
#581 = ORIENTED_EDGE('',*,*,#359,.F.);
#582 = ADVANCED_FACE('',(#583),#159,.F.);
#583 = FACE_BOUND('',#584,.F.);
#584 = EDGE_LOOP('',(#585,#586,#587,#588));
#585 = ORIENTED_EDGE('',*,*,#561,.F.);
#586 = ORIENTED_EDGE('',*,*,#387,.F.);
#587 = ORIENTED_EDGE('',*,*,#141,.T.);
#588 = ORIENTED_EDGE('',*,*,#589,.F.);
#589 = EDGE_CURVE('',#538,#144,#590,.T.);
#590 = SURFACE_CURVE('',#591,(#595,#602),.PCURVE_S1.);
#591 = LINE('',#592,#593);
#592 = CARTESIAN_POINT('',(19.3,-1.,5.45));
#593 = VECTOR('',#594,1.);
#594 = DIRECTION('',(-1.,0.,0.));
#595 = PCURVE('',#159,#596);
#596 = DEFINITIONAL_REPRESENTATION('',(#597),#601);
#597 = LINE('',#598,#599);
#598 = CARTESIAN_POINT('',(6.,-3.9));
#599 = VECTOR('',#600,1.);
#600 = DIRECTION('',(-1.,0.));
#601 = ( GEOMETRIC_REPRESENTATION_CONTEXT(2) 
PARAMETRIC_REPRESENTATION_CONTEXT() REPRESENTATION_CONTEXT('2D SPACE',''
  ) );
#602 = PCURVE('',#603,#608);
#603 = CYLINDRICAL_SURFACE('',#604,0.6);
#604 = AXIS2_PLACEMENT_3D('',#605,#606,#607);
#605 = CARTESIAN_POINT('',(19.3,-0.4,5.45));
#606 = DIRECTION('',(-1.,0.,0.));
#607 = DIRECTION('',(-0.,-1.,-0.));
#608 = DEFINITIONAL_REPRESENTATION('',(#609),#613);
#609 = LINE('',#610,#611);
#610 = CARTESIAN_POINT('',(0.,0.));
#611 = VECTOR('',#612,1.);
#612 = DIRECTION('',(0.,1.));
#613 = ( GEOMETRIC_REPRESENTATION_CONTEXT(2) 
PARAMETRIC_REPRESENTATION_CONTEXT() REPRESENTATION_CONTEXT('2D SPACE',''
  ) );
#614 = ADVANCED_FACE('',(#615),#186,.T.);
#615 = FACE_BOUND('',#616,.F.);
#616 = EDGE_LOOP('',(#617,#639,#640,#641));
#617 = ORIENTED_EDGE('',*,*,#618,.F.);
#618 = EDGE_CURVE('',#144,#619,#621,.T.);
#619 = VERTEX_POINT('',#620);
#620 = CARTESIAN_POINT('',(7.3,-0.4,6.05));
#621 = SURFACE_CURVE('',#622,(#627,#633),.PCURVE_S1.);
#622 = CIRCLE('',#623,0.6);
#623 = AXIS2_PLACEMENT_3D('',#624,#625,#626);
#624 = CARTESIAN_POINT('',(7.3,-0.4,5.45));
#625 = DIRECTION('',(-1.,0.,0.));
#626 = DIRECTION('',(-0.,-1.,-0.));
#627 = PCURVE('',#186,#628);
#628 = DEFINITIONAL_REPRESENTATION('',(#629),#632);
#629 = B_SPLINE_CURVE_WITH_KNOTS('',1,(#630,#631),.UNSPECIFIED.,.F.,.F.,
  (2,2),(0.,1.570796326795),.PIECEWISE_BEZIER_KNOTS.);
#630 = CARTESIAN_POINT('',(0.,0.));
#631 = CARTESIAN_POINT('',(0.,1.570796326795));
#632 = ( GEOMETRIC_REPRESENTATION_CONTEXT(2) 
PARAMETRIC_REPRESENTATION_CONTEXT() REPRESENTATION_CONTEXT('2D SPACE',''
  ) );
#633 = PCURVE('',#603,#634);
#634 = DEFINITIONAL_REPRESENTATION('',(#635),#638);
#635 = B_SPLINE_CURVE_WITH_KNOTS('',1,(#636,#637),.UNSPECIFIED.,.F.,.F.,
  (2,2),(0.,1.570796326795),.PIECEWISE_BEZIER_KNOTS.);
#636 = CARTESIAN_POINT('',(0.,12.));
#637 = CARTESIAN_POINT('',(1.570796326795,12.));
#638 = ( GEOMETRIC_REPRESENTATION_CONTEXT(2) 
PARAMETRIC_REPRESENTATION_CONTEXT() REPRESENTATION_CONTEXT('2D SPACE',''
  ) );
#639 = ORIENTED_EDGE('',*,*,#171,.T.);
#640 = ORIENTED_EDGE('',*,*,#238,.T.);
#641 = ORIENTED_EDGE('',*,*,#642,.F.);
#642 = EDGE_CURVE('',#619,#239,#643,.T.);
#643 = SURFACE_CURVE('',#644,(#649,#656),.PCURVE_S1.);
#644 = CIRCLE('',#645,0.4);
#645 = AXIS2_PLACEMENT_3D('',#646,#647,#648);
#646 = CARTESIAN_POINT('',(7.3,0.,6.05));
#647 = DIRECTION('',(-0.,-0.,-1.));
#648 = DIRECTION('',(0.,-1.,0.));
#649 = PCURVE('',#186,#650);
#650 = DEFINITIONAL_REPRESENTATION('',(#651),#655);
#651 = LINE('',#652,#653);
#652 = CARTESIAN_POINT('',(-0.,1.570796326795));
#653 = VECTOR('',#654,1.);
#654 = DIRECTION('',(-1.,0.));
#655 = ( GEOMETRIC_REPRESENTATION_CONTEXT(2) 
PARAMETRIC_REPRESENTATION_CONTEXT() REPRESENTATION_CONTEXT('2D SPACE',''
  ) );
#656 = PCURVE('',#276,#657);
#657 = DEFINITIONAL_REPRESENTATION('',(#658),#666);
#658 = ( BOUNDED_CURVE() B_SPLINE_CURVE(2,(#659,#660,#661,#662,#663,#664
,#665),.UNSPECIFIED.,.T.,.F.) B_SPLINE_CURVE_WITH_KNOTS((1,2,2,2,2,1),(
    -2.094395102393,0.,2.094395102393,4.188790204786,6.28318530718,
8.377580409573),.UNSPECIFIED.) CURVE() GEOMETRIC_REPRESENTATION_ITEM() 
RATIONAL_B_SPLINE_CURVE((1.,0.5,1.,0.5,1.,0.5,1.)) REPRESENTATION_ITEM(
  '') );
#659 = CARTESIAN_POINT('',(-6.,-0.4));
#660 = CARTESIAN_POINT('',(-6.692820323028,-0.4));
#661 = CARTESIAN_POINT('',(-6.346410161514,0.2));
#662 = CARTESIAN_POINT('',(-6.,0.8));
#663 = CARTESIAN_POINT('',(-5.653589838486,0.2));
#664 = CARTESIAN_POINT('',(-5.307179676972,-0.4));
#665 = CARTESIAN_POINT('',(-6.,-0.4));
#666 = ( GEOMETRIC_REPRESENTATION_CONTEXT(2) 
PARAMETRIC_REPRESENTATION_CONTEXT() REPRESENTATION_CONTEXT('2D SPACE',''
  ) );
#667 = ADVANCED_FACE('',(#668),#276,.T.);
#668 = FACE_BOUND('',#669,.T.);
#669 = EDGE_LOOP('',(#670,#671,#672,#695));
#670 = ORIENTED_EDGE('',*,*,#260,.F.);
#671 = ORIENTED_EDGE('',*,*,#642,.F.);
#672 = ORIENTED_EDGE('',*,*,#673,.F.);
#673 = EDGE_CURVE('',#674,#619,#676,.T.);
#674 = VERTEX_POINT('',#675);
#675 = CARTESIAN_POINT('',(19.3,-0.4,6.05));
#676 = SURFACE_CURVE('',#677,(#681,#688),.PCURVE_S1.);
#677 = LINE('',#678,#679);
#678 = CARTESIAN_POINT('',(19.3,-0.4,6.05));
#679 = VECTOR('',#680,1.);
#680 = DIRECTION('',(-1.,0.,0.));
#681 = PCURVE('',#276,#682);
#682 = DEFINITIONAL_REPRESENTATION('',(#683),#687);
#683 = LINE('',#684,#685);
#684 = CARTESIAN_POINT('',(6.,-0.4));
#685 = VECTOR('',#686,1.);
#686 = DIRECTION('',(-1.,0.));
#687 = ( GEOMETRIC_REPRESENTATION_CONTEXT(2) 
PARAMETRIC_REPRESENTATION_CONTEXT() REPRESENTATION_CONTEXT('2D SPACE',''
  ) );
#688 = PCURVE('',#603,#689);
#689 = DEFINITIONAL_REPRESENTATION('',(#690),#694);
#690 = LINE('',#691,#692);
#691 = CARTESIAN_POINT('',(1.570796326795,0.));
#692 = VECTOR('',#693,1.);
#693 = DIRECTION('',(0.,1.));
#694 = ( GEOMETRIC_REPRESENTATION_CONTEXT(2) 
PARAMETRIC_REPRESENTATION_CONTEXT() REPRESENTATION_CONTEXT('2D SPACE',''
  ) );
#695 = ORIENTED_EDGE('',*,*,#696,.F.);
#696 = EDGE_CURVE('',#261,#674,#697,.T.);
#697 = SURFACE_CURVE('',#698,(#703,#714),.PCURVE_S1.);
#698 = CIRCLE('',#699,0.4);
#699 = AXIS2_PLACEMENT_3D('',#700,#701,#702);
#700 = CARTESIAN_POINT('',(19.3,0.,6.05));
#701 = DIRECTION('',(0.,-0.,-1.));
#702 = DIRECTION('',(0.,1.,-0.));
#703 = PCURVE('',#276,#704);
#704 = DEFINITIONAL_REPRESENTATION('',(#705),#713);
#705 = ( BOUNDED_CURVE() B_SPLINE_CURVE(2,(#706,#707,#708,#709,#710,#711
,#712),.UNSPECIFIED.,.T.,.F.) B_SPLINE_CURVE_WITH_KNOTS((1,2,2,2,2,1),(
    -2.094395102393,0.,2.094395102393,4.188790204786,6.28318530718,
8.377580409573),.UNSPECIFIED.) CURVE() GEOMETRIC_REPRESENTATION_ITEM() 
RATIONAL_B_SPLINE_CURVE((1.,0.5,1.,0.5,1.,0.5,1.)) REPRESENTATION_ITEM(
  '') );
#706 = CARTESIAN_POINT('',(6.,0.4));
#707 = CARTESIAN_POINT('',(6.692820323028,0.4));
#708 = CARTESIAN_POINT('',(6.346410161514,-0.2));
#709 = CARTESIAN_POINT('',(6.,-0.8));
#710 = CARTESIAN_POINT('',(5.653589838486,-0.2));
#711 = CARTESIAN_POINT('',(5.307179676972,0.4));
#712 = CARTESIAN_POINT('',(6.,0.4));
#713 = ( GEOMETRIC_REPRESENTATION_CONTEXT(2) 
PARAMETRIC_REPRESENTATION_CONTEXT() REPRESENTATION_CONTEXT('2D SPACE',''
  ) );
#714 = PCURVE('',#302,#715);
#715 = DEFINITIONAL_REPRESENTATION('',(#716),#720);
#716 = LINE('',#717,#718);
#717 = CARTESIAN_POINT('',(-0.,1.570796326795));
#718 = VECTOR('',#719,1.);
#719 = DIRECTION('',(-1.,0.));
#720 = ( GEOMETRIC_REPRESENTATION_CONTEXT(2) 
PARAMETRIC_REPRESENTATION_CONTEXT() REPRESENTATION_CONTEXT('2D SPACE',''
  ) );
#721 = ADVANCED_FACE('',(#722),#302,.T.);
#722 = FACE_BOUND('',#723,.F.);
#723 = EDGE_LOOP('',(#724,#725,#726,#746));
#724 = ORIENTED_EDGE('',*,*,#288,.F.);
#725 = ORIENTED_EDGE('',*,*,#537,.T.);
#726 = ORIENTED_EDGE('',*,*,#727,.T.);
#727 = EDGE_CURVE('',#538,#674,#728,.T.);
#728 = SURFACE_CURVE('',#729,(#734,#740),.PCURVE_S1.);
#729 = CIRCLE('',#730,0.6);
#730 = AXIS2_PLACEMENT_3D('',#731,#732,#733);
#731 = CARTESIAN_POINT('',(19.3,-0.4,5.45));
#732 = DIRECTION('',(-1.,-1.224646799147E-16,0.));
#733 = DIRECTION('',(1.224646799147E-16,-1.,0.));
#734 = PCURVE('',#302,#735);
#735 = DEFINITIONAL_REPRESENTATION('',(#736),#739);
#736 = B_SPLINE_CURVE_WITH_KNOTS('',1,(#737,#738),.UNSPECIFIED.,.F.,.F.,
  (2,2),(0.,1.570796326795),.PIECEWISE_BEZIER_KNOTS.);
#737 = CARTESIAN_POINT('',(-3.14159265359,0.));
#738 = CARTESIAN_POINT('',(-3.14159265359,1.570796326795));
#739 = ( GEOMETRIC_REPRESENTATION_CONTEXT(2) 
PARAMETRIC_REPRESENTATION_CONTEXT() REPRESENTATION_CONTEXT('2D SPACE',''
  ) );
#740 = PCURVE('',#603,#741);
#741 = DEFINITIONAL_REPRESENTATION('',(#742),#745);
#742 = B_SPLINE_CURVE_WITH_KNOTS('',1,(#743,#744),.UNSPECIFIED.,.F.,.F.,
  (2,2),(0.,1.570796326795),.PIECEWISE_BEZIER_KNOTS.);
#743 = CARTESIAN_POINT('',(0.,0.));
#744 = CARTESIAN_POINT('',(1.570796326795,0.));
#745 = ( GEOMETRIC_REPRESENTATION_CONTEXT(2) 
PARAMETRIC_REPRESENTATION_CONTEXT() REPRESENTATION_CONTEXT('2D SPACE',''
  ) );
#746 = ORIENTED_EDGE('',*,*,#696,.F.);
#747 = ADVANCED_FACE('',(#748),#344,.T.);
#748 = FACE_BOUND('',#749,.T.);
#749 = EDGE_LOOP('',(#750,#751,#774,#801));
#750 = ORIENTED_EDGE('',*,*,#327,.F.);
#751 = ORIENTED_EDGE('',*,*,#752,.F.);
#752 = EDGE_CURVE('',#753,#328,#755,.T.);
#753 = VERTEX_POINT('',#754);
#754 = CARTESIAN_POINT('',(21.3,-5.216995364368E-15,0.));
#755 = SEAM_CURVE('',#756,(#760,#767),.PCURVE_S1.);
#756 = LINE('',#757,#758);
#757 = CARTESIAN_POINT('',(21.3,-5.216995364368E-15,0.));
#758 = VECTOR('',#759,1.);
#759 = DIRECTION('',(0.,0.,1.));
#760 = PCURVE('',#344,#761);
#761 = DEFINITIONAL_REPRESENTATION('',(#762),#766);
#762 = LINE('',#763,#764);
#763 = CARTESIAN_POINT('',(6.28318530718,-0.));
#764 = VECTOR('',#765,1.);
#765 = DIRECTION('',(0.,1.));
#766 = ( GEOMETRIC_REPRESENTATION_CONTEXT(2) 
PARAMETRIC_REPRESENTATION_CONTEXT() REPRESENTATION_CONTEXT('2D SPACE',''
  ) );
#767 = PCURVE('',#344,#768);
#768 = DEFINITIONAL_REPRESENTATION('',(#769),#773);
#769 = LINE('',#770,#771);
#770 = CARTESIAN_POINT('',(0.,-0.));
#771 = VECTOR('',#772,1.);
#772 = DIRECTION('',(0.,1.));
#773 = ( GEOMETRIC_REPRESENTATION_CONTEXT(2) 
PARAMETRIC_REPRESENTATION_CONTEXT() REPRESENTATION_CONTEXT('2D SPACE',''
  ) );
#774 = ORIENTED_EDGE('',*,*,#775,.T.);
#775 = EDGE_CURVE('',#753,#753,#776,.T.);
#776 = SURFACE_CURVE('',#777,(#782,#789),.PCURVE_S1.);
#777 = CIRCLE('',#778,21.3);
#778 = AXIS2_PLACEMENT_3D('',#779,#780,#781);
#779 = CARTESIAN_POINT('',(0.,0.,0.));
#780 = DIRECTION('',(0.,0.,1.));
#781 = DIRECTION('',(1.,0.,-0.));
#782 = PCURVE('',#344,#783);
#783 = DEFINITIONAL_REPRESENTATION('',(#784),#788);
#784 = LINE('',#785,#786);
#785 = CARTESIAN_POINT('',(0.,0.));
#786 = VECTOR('',#787,1.);
#787 = DIRECTION('',(1.,0.));
#788 = ( GEOMETRIC_REPRESENTATION_CONTEXT(2) 
PARAMETRIC_REPRESENTATION_CONTEXT() REPRESENTATION_CONTEXT('2D SPACE',''
  ) );
#789 = PCURVE('',#790,#795);
#790 = PLANE('',#791);
#791 = AXIS2_PLACEMENT_3D('',#792,#793,#794);
#792 = CARTESIAN_POINT('',(0.,0.,0.));
#793 = DIRECTION('',(0.,0.,1.));
#794 = DIRECTION('',(1.,0.,-0.));
#795 = DEFINITIONAL_REPRESENTATION('',(#796),#800);
#796 = CIRCLE('',#797,21.3);
#797 = AXIS2_PLACEMENT_2D('',#798,#799);
#798 = CARTESIAN_POINT('',(0.,0.));
#799 = DIRECTION('',(1.,0.));
#800 = ( GEOMETRIC_REPRESENTATION_CONTEXT(2) 
PARAMETRIC_REPRESENTATION_CONTEXT() REPRESENTATION_CONTEXT('2D SPACE',''
  ) );
#801 = ORIENTED_EDGE('',*,*,#752,.T.);
#802 = ADVANCED_FACE('',(#803),#429,.T.);
#803 = FACE_BOUND('',#804,.T.);
#804 = EDGE_LOOP('',(#805,#828,#856,#877));
#805 = ORIENTED_EDGE('',*,*,#806,.T.);
#806 = EDGE_CURVE('',#414,#807,#809,.T.);
#807 = VERTEX_POINT('',#808);
#808 = CARTESIAN_POINT('',(-7.3,-1.,5.45));
#809 = SURFACE_CURVE('',#810,(#814,#821),.PCURVE_S1.);
#810 = LINE('',#811,#812);
#811 = CARTESIAN_POINT('',(-7.3,-1.,1.55));
#812 = VECTOR('',#813,1.);
#813 = DIRECTION('',(0.,0.,1.));
#814 = PCURVE('',#429,#815);
#815 = DEFINITIONAL_REPRESENTATION('',(#816),#820);
#816 = LINE('',#817,#818);
#817 = CARTESIAN_POINT('',(0.,0.));
#818 = VECTOR('',#819,1.);
#819 = DIRECTION('',(0.,-1.));
#820 = ( GEOMETRIC_REPRESENTATION_CONTEXT(2) 
PARAMETRIC_REPRESENTATION_CONTEXT() REPRESENTATION_CONTEXT('2D SPACE',''
  ) );
#821 = PCURVE('',#521,#822);
#822 = DEFINITIONAL_REPRESENTATION('',(#823),#827);
#823 = LINE('',#824,#825);
#824 = CARTESIAN_POINT('',(4.712388980385,0.));
#825 = VECTOR('',#826,1.);
#826 = DIRECTION('',(0.,-1.));
#827 = ( GEOMETRIC_REPRESENTATION_CONTEXT(2) 
PARAMETRIC_REPRESENTATION_CONTEXT() REPRESENTATION_CONTEXT('2D SPACE',''
  ) );
#828 = ORIENTED_EDGE('',*,*,#829,.T.);
#829 = EDGE_CURVE('',#807,#830,#832,.T.);
#830 = VERTEX_POINT('',#831);
#831 = CARTESIAN_POINT('',(-19.3,-1.,5.45));
#832 = SURFACE_CURVE('',#833,(#837,#844),.PCURVE_S1.);
#833 = LINE('',#834,#835);
#834 = CARTESIAN_POINT('',(-7.3,-1.,5.45));
#835 = VECTOR('',#836,1.);
#836 = DIRECTION('',(-1.,1.224646799147E-16,0.));
#837 = PCURVE('',#429,#838);
#838 = DEFINITIONAL_REPRESENTATION('',(#839),#843);
#839 = LINE('',#840,#841);
#840 = CARTESIAN_POINT('',(0.,-3.9));
#841 = VECTOR('',#842,1.);
#842 = DIRECTION('',(1.,0.));
#843 = ( GEOMETRIC_REPRESENTATION_CONTEXT(2) 
PARAMETRIC_REPRESENTATION_CONTEXT() REPRESENTATION_CONTEXT('2D SPACE',''
  ) );
#844 = PCURVE('',#845,#850);
#845 = CYLINDRICAL_SURFACE('',#846,0.6);
#846 = AXIS2_PLACEMENT_3D('',#847,#848,#849);
#847 = CARTESIAN_POINT('',(-7.3,-0.4,5.45));
#848 = DIRECTION('',(-1.,1.224646799147E-16,0.));
#849 = DIRECTION('',(-1.224646799147E-16,-1.,0.));
#850 = DEFINITIONAL_REPRESENTATION('',(#851),#855);
#851 = LINE('',#852,#853);
#852 = CARTESIAN_POINT('',(0.,0.));
#853 = VECTOR('',#854,1.);
#854 = DIRECTION('',(0.,1.));
#855 = ( GEOMETRIC_REPRESENTATION_CONTEXT(2) 
PARAMETRIC_REPRESENTATION_CONTEXT() REPRESENTATION_CONTEXT('2D SPACE',''
  ) );
#856 = ORIENTED_EDGE('',*,*,#857,.F.);
#857 = EDGE_CURVE('',#412,#830,#858,.T.);
#858 = SURFACE_CURVE('',#859,(#863,#870),.PCURVE_S1.);
#859 = LINE('',#860,#861);
#860 = CARTESIAN_POINT('',(-19.3,-1.,1.55));
#861 = VECTOR('',#862,1.);
#862 = DIRECTION('',(0.,0.,1.));
#863 = PCURVE('',#429,#864);
#864 = DEFINITIONAL_REPRESENTATION('',(#865),#869);
#865 = LINE('',#866,#867);
#866 = CARTESIAN_POINT('',(12.,0.));
#867 = VECTOR('',#868,1.);
#868 = DIRECTION('',(0.,-1.));
#869 = ( GEOMETRIC_REPRESENTATION_CONTEXT(2) 
PARAMETRIC_REPRESENTATION_CONTEXT() REPRESENTATION_CONTEXT('2D SPACE',''
  ) );
#870 = PCURVE('',#462,#871);
#871 = DEFINITIONAL_REPRESENTATION('',(#872),#876);
#872 = LINE('',#873,#874);
#873 = CARTESIAN_POINT('',(1.570796326795,0.));
#874 = VECTOR('',#875,1.);
#875 = DIRECTION('',(0.,-1.));
#876 = ( GEOMETRIC_REPRESENTATION_CONTEXT(2) 
PARAMETRIC_REPRESENTATION_CONTEXT() REPRESENTATION_CONTEXT('2D SPACE',''
  ) );
#877 = ORIENTED_EDGE('',*,*,#411,.T.);
#878 = ADVANCED_FACE('',(#879),#521,.T.);
#879 = FACE_BOUND('',#880,.T.);
#880 = EDGE_LOOP('',(#881,#904,#941,#942));
#881 = ORIENTED_EDGE('',*,*,#882,.T.);
#882 = EDGE_CURVE('',#475,#883,#885,.T.);
#883 = VERTEX_POINT('',#884);
#884 = CARTESIAN_POINT('',(-7.3,1.,5.45));
#885 = SURFACE_CURVE('',#886,(#890,#897),.PCURVE_S1.);
#886 = LINE('',#887,#888);
#887 = CARTESIAN_POINT('',(-7.3,1.,1.55));
#888 = VECTOR('',#889,1.);
#889 = DIRECTION('',(0.,0.,1.));
#890 = PCURVE('',#521,#891);
#891 = DEFINITIONAL_REPRESENTATION('',(#892),#896);
#892 = LINE('',#893,#894);
#893 = CARTESIAN_POINT('',(1.570796326795,0.));
#894 = VECTOR('',#895,1.);
#895 = DIRECTION('',(0.,-1.));
#896 = ( GEOMETRIC_REPRESENTATION_CONTEXT(2) 
PARAMETRIC_REPRESENTATION_CONTEXT() REPRESENTATION_CONTEXT('2D SPACE',''
  ) );
#897 = PCURVE('',#490,#898);
#898 = DEFINITIONAL_REPRESENTATION('',(#899),#903);
#899 = LINE('',#900,#901);
#900 = CARTESIAN_POINT('',(-6.,0.));
#901 = VECTOR('',#902,1.);
#902 = DIRECTION('',(0.,-1.));
#903 = ( GEOMETRIC_REPRESENTATION_CONTEXT(2) 
PARAMETRIC_REPRESENTATION_CONTEXT() REPRESENTATION_CONTEXT('2D SPACE',''
  ) );
#904 = ORIENTED_EDGE('',*,*,#905,.T.);
#905 = EDGE_CURVE('',#883,#807,#906,.T.);
#906 = SURFACE_CURVE('',#907,(#912,#919),.PCURVE_S1.);
#907 = CIRCLE('',#908,1.);
#908 = AXIS2_PLACEMENT_3D('',#909,#910,#911);
#909 = CARTESIAN_POINT('',(-7.3,8.939921633776E-16,5.45));
#910 = DIRECTION('',(0.,-0.,-1.));
#911 = DIRECTION('',(0.,1.,-0.));
#912 = PCURVE('',#521,#913);
#913 = DEFINITIONAL_REPRESENTATION('',(#914),#918);
#914 = LINE('',#915,#916);
#915 = CARTESIAN_POINT('',(1.570796326795,-3.9));
#916 = VECTOR('',#917,1.);
#917 = DIRECTION('',(1.,0.));
#918 = ( GEOMETRIC_REPRESENTATION_CONTEXT(2) 
PARAMETRIC_REPRESENTATION_CONTEXT() REPRESENTATION_CONTEXT('2D SPACE',''
  ) );
#919 = PCURVE('',#920,#935);
#920 = SURFACE_OF_REVOLUTION('',#921,#932);
#921 = B_SPLINE_CURVE_WITH_KNOTS('',5,(#922,#923,#924,#925,#926,#927,
    #928,#929,#930,#931),.UNSPECIFIED.,.F.,.F.,(6,4,6),(0.,
    0.785398163397,1.570796326795),.UNSPECIFIED.);
#922 = CARTESIAN_POINT('',(-7.3,1.,5.45));
#923 = CARTESIAN_POINT('',(-7.3,1.,5.544247779608));
#924 = CARTESIAN_POINT('',(-7.3,0.981498644233,5.638497052389));
#925 = CARTESIAN_POINT('',(-7.3,0.944469178566,5.72789409061));
#926 = CARTESIAN_POINT('',(-7.3,0.890907312784,5.80762082464));
#927 = CARTESIAN_POINT('',(-7.3,0.75762082464,5.940907312784));
#928 = CARTESIAN_POINT('',(-7.3,0.67789409061,5.994469178566));
#929 = CARTESIAN_POINT('',(-7.3,0.588497052389,6.031498644233));
#930 = CARTESIAN_POINT('',(-7.3,0.494247779608,6.05));
#931 = CARTESIAN_POINT('',(-7.3,0.4,6.05));
#932 = AXIS1_PLACEMENT('',#933,#934);
#933 = CARTESIAN_POINT('',(-7.3,8.939921633776E-16,5.45));
#934 = DIRECTION('',(0.,0.,1.));
#935 = DEFINITIONAL_REPRESENTATION('',(#936),#940);
#936 = LINE('',#937,#938);
#937 = CARTESIAN_POINT('',(-0.,0.));
#938 = VECTOR('',#939,1.);
#939 = DIRECTION('',(-1.,0.));
#940 = ( GEOMETRIC_REPRESENTATION_CONTEXT(2) 
PARAMETRIC_REPRESENTATION_CONTEXT() REPRESENTATION_CONTEXT('2D SPACE',''
  ) );
#941 = ORIENTED_EDGE('',*,*,#806,.F.);
#942 = ORIENTED_EDGE('',*,*,#502,.F.);
#943 = ADVANCED_FACE('',(#944),#490,.F.);
#944 = FACE_BOUND('',#945,.F.);
#945 = EDGE_LOOP('',(#946,#969,#970,#971));
#946 = ORIENTED_EDGE('',*,*,#947,.F.);
#947 = EDGE_CURVE('',#442,#948,#950,.T.);
#948 = VERTEX_POINT('',#949);
#949 = CARTESIAN_POINT('',(-19.3,1.,5.45));
#950 = SURFACE_CURVE('',#951,(#955,#962),.PCURVE_S1.);
#951 = LINE('',#952,#953);
#952 = CARTESIAN_POINT('',(-19.3,1.,1.55));
#953 = VECTOR('',#954,1.);
#954 = DIRECTION('',(0.,0.,1.));
#955 = PCURVE('',#490,#956);
#956 = DEFINITIONAL_REPRESENTATION('',(#957),#961);
#957 = LINE('',#958,#959);
#958 = CARTESIAN_POINT('',(6.,0.));
#959 = VECTOR('',#960,1.);
#960 = DIRECTION('',(0.,-1.));
#961 = ( GEOMETRIC_REPRESENTATION_CONTEXT(2) 
PARAMETRIC_REPRESENTATION_CONTEXT() REPRESENTATION_CONTEXT('2D SPACE',''
  ) );
#962 = PCURVE('',#462,#963);
#963 = DEFINITIONAL_REPRESENTATION('',(#964),#968);
#964 = LINE('',#965,#966);
#965 = CARTESIAN_POINT('',(4.712388980385,0.));
#966 = VECTOR('',#967,1.);
#967 = DIRECTION('',(0.,-1.));
#968 = ( GEOMETRIC_REPRESENTATION_CONTEXT(2) 
PARAMETRIC_REPRESENTATION_CONTEXT() REPRESENTATION_CONTEXT('2D SPACE',''
  ) );
#969 = ORIENTED_EDGE('',*,*,#474,.F.);
#970 = ORIENTED_EDGE('',*,*,#882,.T.);
#971 = ORIENTED_EDGE('',*,*,#972,.F.);
#972 = EDGE_CURVE('',#948,#883,#973,.T.);
#973 = SURFACE_CURVE('',#974,(#978,#985),.PCURVE_S1.);
#974 = LINE('',#975,#976);
#975 = CARTESIAN_POINT('',(-19.3,1.,5.45));
#976 = VECTOR('',#977,1.);
#977 = DIRECTION('',(1.,-1.224646799147E-16,0.));
#978 = PCURVE('',#490,#979);
#979 = DEFINITIONAL_REPRESENTATION('',(#980),#984);
#980 = LINE('',#981,#982);
#981 = CARTESIAN_POINT('',(6.,-3.9));
#982 = VECTOR('',#983,1.);
#983 = DIRECTION('',(-1.,-0.));
#984 = ( GEOMETRIC_REPRESENTATION_CONTEXT(2) 
PARAMETRIC_REPRESENTATION_CONTEXT() REPRESENTATION_CONTEXT('2D SPACE',''
  ) );
#985 = PCURVE('',#986,#991);
#986 = CYLINDRICAL_SURFACE('',#987,0.6);
#987 = AXIS2_PLACEMENT_3D('',#988,#989,#990);
#988 = CARTESIAN_POINT('',(-19.3,0.4,5.45));
#989 = DIRECTION('',(1.,-1.224646799147E-16,0.));
#990 = DIRECTION('',(1.224646799147E-16,1.,0.));
#991 = DEFINITIONAL_REPRESENTATION('',(#992),#996);
#992 = LINE('',#993,#994);
#993 = CARTESIAN_POINT('',(0.,0.));
#994 = VECTOR('',#995,1.);
#995 = DIRECTION('',(0.,1.));
#996 = ( GEOMETRIC_REPRESENTATION_CONTEXT(2) 
PARAMETRIC_REPRESENTATION_CONTEXT() REPRESENTATION_CONTEXT('2D SPACE',''
  ) );
#997 = ADVANCED_FACE('',(#998),#462,.T.);
#998 = FACE_BOUND('',#999,.T.);
#999 = EDGE_LOOP('',(#1000,#1001,#1038,#1039));
#1000 = ORIENTED_EDGE('',*,*,#857,.T.);
#1001 = ORIENTED_EDGE('',*,*,#1002,.T.);
#1002 = EDGE_CURVE('',#830,#948,#1003,.T.);
#1003 = SURFACE_CURVE('',#1004,(#1009,#1016),.PCURVE_S1.);
#1004 = CIRCLE('',#1005,1.);
#1005 = AXIS2_PLACEMENT_3D('',#1006,#1007,#1008);
#1006 = CARTESIAN_POINT('',(-19.3,2.363568322354E-15,5.45));
#1007 = DIRECTION('',(-0.,-0.,-1.));
#1008 = DIRECTION('',(0.,-1.,0.));
#1009 = PCURVE('',#462,#1010);
#1010 = DEFINITIONAL_REPRESENTATION('',(#1011),#1015);
#1011 = LINE('',#1012,#1013);
#1012 = CARTESIAN_POINT('',(1.570796326795,-3.9));
#1013 = VECTOR('',#1014,1.);
#1014 = DIRECTION('',(1.,0.));
#1015 = ( GEOMETRIC_REPRESENTATION_CONTEXT(2) 
PARAMETRIC_REPRESENTATION_CONTEXT() REPRESENTATION_CONTEXT('2D SPACE',''
  ) );
#1016 = PCURVE('',#1017,#1032);
#1017 = SURFACE_OF_REVOLUTION('',#1018,#1029);
#1018 = B_SPLINE_CURVE_WITH_KNOTS('',5,(#1019,#1020,#1021,#1022,#1023,
    #1024,#1025,#1026,#1027,#1028),.UNSPECIFIED.,.F.,.F.,(6,4,6),(0.,
    0.785398163397,1.570796326795),.UNSPECIFIED.);
#1019 = CARTESIAN_POINT('',(-19.3,-1.,5.45));
#1020 = CARTESIAN_POINT('',(-19.3,-1.,5.544247779608));
#1021 = CARTESIAN_POINT('',(-19.3,-0.981498644233,5.638497052389));
#1022 = CARTESIAN_POINT('',(-19.3,-0.944469178566,5.72789409061));
#1023 = CARTESIAN_POINT('',(-19.3,-0.890907312784,5.80762082464));
#1024 = CARTESIAN_POINT('',(-19.3,-0.75762082464,5.940907312784));
#1025 = CARTESIAN_POINT('',(-19.3,-0.67789409061,5.994469178566));
#1026 = CARTESIAN_POINT('',(-19.3,-0.588497052389,6.031498644233));
#1027 = CARTESIAN_POINT('',(-19.3,-0.494247779608,6.05));
#1028 = CARTESIAN_POINT('',(-19.3,-0.4,6.05));
#1029 = AXIS1_PLACEMENT('',#1030,#1031);
#1030 = CARTESIAN_POINT('',(-19.3,2.363568322354E-15,5.45));
#1031 = DIRECTION('',(0.,0.,1.));
#1032 = DEFINITIONAL_REPRESENTATION('',(#1033),#1037);
#1033 = LINE('',#1034,#1035);
#1034 = CARTESIAN_POINT('',(-0.,0.));
#1035 = VECTOR('',#1036,1.);
#1036 = DIRECTION('',(-1.,0.));
#1037 = ( GEOMETRIC_REPRESENTATION_CONTEXT(2) 
PARAMETRIC_REPRESENTATION_CONTEXT() REPRESENTATION_CONTEXT('2D SPACE',''
  ) );
#1038 = ORIENTED_EDGE('',*,*,#947,.F.);
#1039 = ORIENTED_EDGE('',*,*,#441,.F.);
#1040 = ADVANCED_FACE('',(#1041),#603,.T.);
#1041 = FACE_BOUND('',#1042,.T.);
#1042 = EDGE_LOOP('',(#1043,#1044,#1045,#1046));
#1043 = ORIENTED_EDGE('',*,*,#727,.T.);
#1044 = ORIENTED_EDGE('',*,*,#673,.T.);
#1045 = ORIENTED_EDGE('',*,*,#618,.F.);
#1046 = ORIENTED_EDGE('',*,*,#589,.F.);
#1047 = ADVANCED_FACE('',(#1048,#1051),#790,.F.);
#1048 = FACE_BOUND('',#1049,.F.);
#1049 = EDGE_LOOP('',(#1050));
#1050 = ORIENTED_EDGE('',*,*,#775,.T.);
#1051 = FACE_BOUND('',#1052,.F.);
#1052 = EDGE_LOOP('',(#1053));
#1053 = ORIENTED_EDGE('',*,*,#1054,.F.);
#1054 = EDGE_CURVE('',#1055,#1055,#1057,.T.);
#1055 = VERTEX_POINT('',#1056);
#1056 = CARTESIAN_POINT('',(9.115,-2.232531114846E-15,0.));
#1057 = SURFACE_CURVE('',#1058,(#1063,#1070),.PCURVE_S1.);
#1058 = CIRCLE('',#1059,9.115);
#1059 = AXIS2_PLACEMENT_3D('',#1060,#1061,#1062);
#1060 = CARTESIAN_POINT('',(0.,0.,0.));
#1061 = DIRECTION('',(0.,0.,1.));
#1062 = DIRECTION('',(1.,0.,-0.));
#1063 = PCURVE('',#790,#1064);
#1064 = DEFINITIONAL_REPRESENTATION('',(#1065),#1069);
#1065 = CIRCLE('',#1066,9.115);
#1066 = AXIS2_PLACEMENT_2D('',#1067,#1068);
#1067 = CARTESIAN_POINT('',(0.,0.));
#1068 = DIRECTION('',(1.,0.));
#1069 = ( GEOMETRIC_REPRESENTATION_CONTEXT(2) 
PARAMETRIC_REPRESENTATION_CONTEXT() REPRESENTATION_CONTEXT('2D SPACE',''
  ) );
#1070 = PCURVE('',#1071,#1076);
#1071 = CYLINDRICAL_SURFACE('',#1072,9.115);
#1072 = AXIS2_PLACEMENT_3D('',#1073,#1074,#1075);
#1073 = CARTESIAN_POINT('',(0.,0.,-3.72));
#1074 = DIRECTION('',(0.,0.,1.));
#1075 = DIRECTION('',(1.,0.,-0.));
#1076 = DEFINITIONAL_REPRESENTATION('',(#1077),#1081);
#1077 = LINE('',#1078,#1079);
#1078 = CARTESIAN_POINT('',(0.,3.72));
#1079 = VECTOR('',#1080,1.);
#1080 = DIRECTION('',(1.,0.));
#1081 = ( GEOMETRIC_REPRESENTATION_CONTEXT(2) 
PARAMETRIC_REPRESENTATION_CONTEXT() REPRESENTATION_CONTEXT('2D SPACE',''
  ) );
#1082 = ADVANCED_FACE('',(#1083),#845,.T.);
#1083 = FACE_BOUND('',#1084,.T.);
#1084 = EDGE_LOOP('',(#1085,#1107,#1135,#1155));
#1085 = ORIENTED_EDGE('',*,*,#1086,.T.);
#1086 = EDGE_CURVE('',#807,#1087,#1089,.T.);
#1087 = VERTEX_POINT('',#1088);
#1088 = CARTESIAN_POINT('',(-7.3,-0.4,6.05));
#1089 = SURFACE_CURVE('',#1090,(#1095,#1101),.PCURVE_S1.);
#1090 = CIRCLE('',#1091,0.6);
#1091 = AXIS2_PLACEMENT_3D('',#1092,#1093,#1094);
#1092 = CARTESIAN_POINT('',(-7.3,-0.4,5.45));
#1093 = DIRECTION('',(-1.,1.224646799147E-16,0.));
#1094 = DIRECTION('',(-1.224646799147E-16,-1.,0.));
#1095 = PCURVE('',#845,#1096);
#1096 = DEFINITIONAL_REPRESENTATION('',(#1097),#1100);
#1097 = B_SPLINE_CURVE_WITH_KNOTS('',1,(#1098,#1099),.UNSPECIFIED.,.F.,
  .F.,(2,2),(0.,1.570796326795),.PIECEWISE_BEZIER_KNOTS.);
#1098 = CARTESIAN_POINT('',(0.,0.));
#1099 = CARTESIAN_POINT('',(1.570796326795,0.));
#1100 = ( GEOMETRIC_REPRESENTATION_CONTEXT(2) 
PARAMETRIC_REPRESENTATION_CONTEXT() REPRESENTATION_CONTEXT('2D SPACE',''
  ) );
#1101 = PCURVE('',#920,#1102);
#1102 = DEFINITIONAL_REPRESENTATION('',(#1103),#1106);
#1103 = B_SPLINE_CURVE_WITH_KNOTS('',1,(#1104,#1105),.UNSPECIFIED.,.F.,
  .F.,(2,2),(0.,1.570796326795),.PIECEWISE_BEZIER_KNOTS.);
#1104 = CARTESIAN_POINT('',(-3.14159265359,0.));
#1105 = CARTESIAN_POINT('',(-3.14159265359,1.570796326795));
#1106 = ( GEOMETRIC_REPRESENTATION_CONTEXT(2) 
PARAMETRIC_REPRESENTATION_CONTEXT() REPRESENTATION_CONTEXT('2D SPACE',''
  ) );
#1107 = ORIENTED_EDGE('',*,*,#1108,.T.);
#1108 = EDGE_CURVE('',#1087,#1109,#1111,.T.);
#1109 = VERTEX_POINT('',#1110);
#1110 = CARTESIAN_POINT('',(-19.3,-0.4,6.05));
#1111 = SURFACE_CURVE('',#1112,(#1116,#1123),.PCURVE_S1.);
#1112 = LINE('',#1113,#1114);
#1113 = CARTESIAN_POINT('',(-7.3,-0.4,6.05));
#1114 = VECTOR('',#1115,1.);
#1115 = DIRECTION('',(-1.,1.224646799147E-16,0.));
#1116 = PCURVE('',#845,#1117);
#1117 = DEFINITIONAL_REPRESENTATION('',(#1118),#1122);
#1118 = LINE('',#1119,#1120);
#1119 = CARTESIAN_POINT('',(1.570796326795,0.));
#1120 = VECTOR('',#1121,1.);
#1121 = DIRECTION('',(0.,1.));
#1122 = ( GEOMETRIC_REPRESENTATION_CONTEXT(2) 
PARAMETRIC_REPRESENTATION_CONTEXT() REPRESENTATION_CONTEXT('2D SPACE',''
  ) );
#1123 = PCURVE('',#1124,#1129);
#1124 = PLANE('',#1125);
#1125 = AXIS2_PLACEMENT_3D('',#1126,#1127,#1128);
#1126 = CARTESIAN_POINT('',(-13.3,1.628780242866E-15,6.05));
#1127 = DIRECTION('',(0.,0.,1.));
#1128 = DIRECTION('',(-1.,1.224646799147E-16,0.));
#1129 = DEFINITIONAL_REPRESENTATION('',(#1130),#1134);
#1130 = LINE('',#1131,#1132);
#1131 = CARTESIAN_POINT('',(-6.,0.4));
#1132 = VECTOR('',#1133,1.);
#1133 = DIRECTION('',(1.,0.));
#1134 = ( GEOMETRIC_REPRESENTATION_CONTEXT(2) 
PARAMETRIC_REPRESENTATION_CONTEXT() REPRESENTATION_CONTEXT('2D SPACE',''
  ) );
#1135 = ORIENTED_EDGE('',*,*,#1136,.F.);
#1136 = EDGE_CURVE('',#830,#1109,#1137,.T.);
#1137 = SURFACE_CURVE('',#1138,(#1143,#1149),.PCURVE_S1.);
#1138 = CIRCLE('',#1139,0.6);
#1139 = AXIS2_PLACEMENT_3D('',#1140,#1141,#1142);
#1140 = CARTESIAN_POINT('',(-19.3,-0.4,5.45));
#1141 = DIRECTION('',(-1.,1.224646799147E-16,0.));
#1142 = DIRECTION('',(-1.224646799147E-16,-1.,0.));
#1143 = PCURVE('',#845,#1144);
#1144 = DEFINITIONAL_REPRESENTATION('',(#1145),#1148);
#1145 = B_SPLINE_CURVE_WITH_KNOTS('',1,(#1146,#1147),.UNSPECIFIED.,.F.,
  .F.,(2,2),(0.,1.570796326795),.PIECEWISE_BEZIER_KNOTS.);
#1146 = CARTESIAN_POINT('',(0.,12.));
#1147 = CARTESIAN_POINT('',(1.570796326795,12.));
#1148 = ( GEOMETRIC_REPRESENTATION_CONTEXT(2) 
PARAMETRIC_REPRESENTATION_CONTEXT() REPRESENTATION_CONTEXT('2D SPACE',''
  ) );
#1149 = PCURVE('',#1017,#1150);
#1150 = DEFINITIONAL_REPRESENTATION('',(#1151),#1154);
#1151 = B_SPLINE_CURVE_WITH_KNOTS('',1,(#1152,#1153),.UNSPECIFIED.,.F.,
  .F.,(2,2),(0.,1.570796326795),.PIECEWISE_BEZIER_KNOTS.);
#1152 = CARTESIAN_POINT('',(0.,0.));
#1153 = CARTESIAN_POINT('',(0.,1.570796326795));
#1154 = ( GEOMETRIC_REPRESENTATION_CONTEXT(2) 
PARAMETRIC_REPRESENTATION_CONTEXT() REPRESENTATION_CONTEXT('2D SPACE',''
  ) );
#1155 = ORIENTED_EDGE('',*,*,#829,.F.);
#1156 = ADVANCED_FACE('',(#1157),#920,.T.);
#1157 = FACE_BOUND('',#1158,.F.);
#1158 = EDGE_LOOP('',(#1159,#1181,#1182,#1183));
#1159 = ORIENTED_EDGE('',*,*,#1160,.F.);
#1160 = EDGE_CURVE('',#883,#1161,#1163,.T.);
#1161 = VERTEX_POINT('',#1162);
#1162 = CARTESIAN_POINT('',(-7.3,0.4,6.05));
#1163 = SURFACE_CURVE('',#1164,(#1169,#1175),.PCURVE_S1.);
#1164 = CIRCLE('',#1165,0.6);
#1165 = AXIS2_PLACEMENT_3D('',#1166,#1167,#1168);
#1166 = CARTESIAN_POINT('',(-7.3,0.4,5.45));
#1167 = DIRECTION('',(1.,-1.224646799147E-16,0.));
#1168 = DIRECTION('',(1.224646799147E-16,1.,0.));
#1169 = PCURVE('',#920,#1170);
#1170 = DEFINITIONAL_REPRESENTATION('',(#1171),#1174);
#1171 = B_SPLINE_CURVE_WITH_KNOTS('',1,(#1172,#1173),.UNSPECIFIED.,.F.,
  .F.,(2,2),(0.,1.570796326795),.PIECEWISE_BEZIER_KNOTS.);
#1172 = CARTESIAN_POINT('',(0.,0.));
#1173 = CARTESIAN_POINT('',(0.,1.570796326795));
#1174 = ( GEOMETRIC_REPRESENTATION_CONTEXT(2) 
PARAMETRIC_REPRESENTATION_CONTEXT() REPRESENTATION_CONTEXT('2D SPACE',''
  ) );
#1175 = PCURVE('',#986,#1176);
#1176 = DEFINITIONAL_REPRESENTATION('',(#1177),#1180);
#1177 = B_SPLINE_CURVE_WITH_KNOTS('',1,(#1178,#1179),.UNSPECIFIED.,.F.,
  .F.,(2,2),(0.,1.570796326795),.PIECEWISE_BEZIER_KNOTS.);
#1178 = CARTESIAN_POINT('',(0.,12.));
#1179 = CARTESIAN_POINT('',(1.570796326795,12.));
#1180 = ( GEOMETRIC_REPRESENTATION_CONTEXT(2) 
PARAMETRIC_REPRESENTATION_CONTEXT() REPRESENTATION_CONTEXT('2D SPACE',''
  ) );
#1181 = ORIENTED_EDGE('',*,*,#905,.T.);
#1182 = ORIENTED_EDGE('',*,*,#1086,.T.);
#1183 = ORIENTED_EDGE('',*,*,#1184,.F.);
#1184 = EDGE_CURVE('',#1161,#1087,#1185,.T.);
#1185 = SURFACE_CURVE('',#1186,(#1191,#1198),.PCURVE_S1.);
#1186 = CIRCLE('',#1187,0.4);
#1187 = AXIS2_PLACEMENT_3D('',#1188,#1189,#1190);
#1188 = CARTESIAN_POINT('',(-7.3,8.939921633776E-16,6.05));
#1189 = DIRECTION('',(0.,-0.,-1.));
#1190 = DIRECTION('',(0.,1.,-0.));
#1191 = PCURVE('',#920,#1192);
#1192 = DEFINITIONAL_REPRESENTATION('',(#1193),#1197);
#1193 = LINE('',#1194,#1195);
#1194 = CARTESIAN_POINT('',(-0.,1.570796326795));
#1195 = VECTOR('',#1196,1.);
#1196 = DIRECTION('',(-1.,0.));
#1197 = ( GEOMETRIC_REPRESENTATION_CONTEXT(2) 
PARAMETRIC_REPRESENTATION_CONTEXT() REPRESENTATION_CONTEXT('2D SPACE',''
  ) );
#1198 = PCURVE('',#1124,#1199);
#1199 = DEFINITIONAL_REPRESENTATION('',(#1200),#1208);
#1200 = ( BOUNDED_CURVE() B_SPLINE_CURVE(2,(#1201,#1202,#1203,#1204,
#1205,#1206,#1207),.UNSPECIFIED.,.T.,.F.) B_SPLINE_CURVE_WITH_KNOTS((1,2
    ,2,2,2,1),(-2.094395102393,0.,2.094395102393,4.188790204786,
6.28318530718,8.377580409573),.UNSPECIFIED.) CURVE() 
GEOMETRIC_REPRESENTATION_ITEM() RATIONAL_B_SPLINE_CURVE((1.,0.5,1.,0.5,
1.,0.5,1.)) REPRESENTATION_ITEM('') );
#1201 = CARTESIAN_POINT('',(-6.,-0.4));
#1202 = CARTESIAN_POINT('',(-6.692820323028,-0.4));
#1203 = CARTESIAN_POINT('',(-6.346410161514,0.2));
#1204 = CARTESIAN_POINT('',(-6.,0.8));
#1205 = CARTESIAN_POINT('',(-5.653589838486,0.2));
#1206 = CARTESIAN_POINT('',(-5.307179676972,-0.4));
#1207 = CARTESIAN_POINT('',(-6.,-0.4));
#1208 = ( GEOMETRIC_REPRESENTATION_CONTEXT(2) 
PARAMETRIC_REPRESENTATION_CONTEXT() REPRESENTATION_CONTEXT('2D SPACE',''
  ) );
#1209 = ADVANCED_FACE('',(#1210),#986,.T.);
#1210 = FACE_BOUND('',#1211,.T.);
#1211 = EDGE_LOOP('',(#1212,#1234,#1255,#1256));
#1212 = ORIENTED_EDGE('',*,*,#1213,.T.);
#1213 = EDGE_CURVE('',#948,#1214,#1216,.T.);
#1214 = VERTEX_POINT('',#1215);
#1215 = CARTESIAN_POINT('',(-19.3,0.4,6.05));
#1216 = SURFACE_CURVE('',#1217,(#1222,#1228),.PCURVE_S1.);
#1217 = CIRCLE('',#1218,0.6);
#1218 = AXIS2_PLACEMENT_3D('',#1219,#1220,#1221);
#1219 = CARTESIAN_POINT('',(-19.3,0.4,5.45));
#1220 = DIRECTION('',(1.,1.224646799147E-16,-0.));
#1221 = DIRECTION('',(-1.224646799147E-16,1.,0.));
#1222 = PCURVE('',#986,#1223);
#1223 = DEFINITIONAL_REPRESENTATION('',(#1224),#1227);
#1224 = B_SPLINE_CURVE_WITH_KNOTS('',1,(#1225,#1226),.UNSPECIFIED.,.F.,
  .F.,(2,2),(0.,1.570796326795),.PIECEWISE_BEZIER_KNOTS.);
#1225 = CARTESIAN_POINT('',(0.,0.));
#1226 = CARTESIAN_POINT('',(1.570796326795,0.));
#1227 = ( GEOMETRIC_REPRESENTATION_CONTEXT(2) 
PARAMETRIC_REPRESENTATION_CONTEXT() REPRESENTATION_CONTEXT('2D SPACE',''
  ) );
#1228 = PCURVE('',#1017,#1229);
#1229 = DEFINITIONAL_REPRESENTATION('',(#1230),#1233);
#1230 = B_SPLINE_CURVE_WITH_KNOTS('',1,(#1231,#1232),.UNSPECIFIED.,.F.,
  .F.,(2,2),(0.,1.570796326795),.PIECEWISE_BEZIER_KNOTS.);
#1231 = CARTESIAN_POINT('',(-3.14159265359,0.));
#1232 = CARTESIAN_POINT('',(-3.14159265359,1.570796326795));
#1233 = ( GEOMETRIC_REPRESENTATION_CONTEXT(2) 
PARAMETRIC_REPRESENTATION_CONTEXT() REPRESENTATION_CONTEXT('2D SPACE',''
  ) );
#1234 = ORIENTED_EDGE('',*,*,#1235,.T.);
#1235 = EDGE_CURVE('',#1214,#1161,#1236,.T.);
#1236 = SURFACE_CURVE('',#1237,(#1241,#1248),.PCURVE_S1.);
#1237 = LINE('',#1238,#1239);
#1238 = CARTESIAN_POINT('',(-19.3,0.4,6.05));
#1239 = VECTOR('',#1240,1.);
#1240 = DIRECTION('',(1.,-1.224646799147E-16,0.));
#1241 = PCURVE('',#986,#1242);
#1242 = DEFINITIONAL_REPRESENTATION('',(#1243),#1247);
#1243 = LINE('',#1244,#1245);
#1244 = CARTESIAN_POINT('',(1.570796326795,0.));
#1245 = VECTOR('',#1246,1.);
#1246 = DIRECTION('',(0.,1.));
#1247 = ( GEOMETRIC_REPRESENTATION_CONTEXT(2) 
PARAMETRIC_REPRESENTATION_CONTEXT() REPRESENTATION_CONTEXT('2D SPACE',''
  ) );
#1248 = PCURVE('',#1124,#1249);
#1249 = DEFINITIONAL_REPRESENTATION('',(#1250),#1254);
#1250 = LINE('',#1251,#1252);
#1251 = CARTESIAN_POINT('',(6.,-0.4));
#1252 = VECTOR('',#1253,1.);
#1253 = DIRECTION('',(-1.,0.));
#1254 = ( GEOMETRIC_REPRESENTATION_CONTEXT(2) 
PARAMETRIC_REPRESENTATION_CONTEXT() REPRESENTATION_CONTEXT('2D SPACE',''
  ) );
#1255 = ORIENTED_EDGE('',*,*,#1160,.F.);
#1256 = ORIENTED_EDGE('',*,*,#972,.F.);
#1257 = ADVANCED_FACE('',(#1258),#1017,.T.);
#1258 = FACE_BOUND('',#1259,.F.);
#1259 = EDGE_LOOP('',(#1260,#1261,#1262,#1263));
#1260 = ORIENTED_EDGE('',*,*,#1136,.F.);
#1261 = ORIENTED_EDGE('',*,*,#1002,.T.);
#1262 = ORIENTED_EDGE('',*,*,#1213,.T.);
#1263 = ORIENTED_EDGE('',*,*,#1264,.F.);
#1264 = EDGE_CURVE('',#1109,#1214,#1265,.T.);
#1265 = SURFACE_CURVE('',#1266,(#1271,#1278),.PCURVE_S1.);
#1266 = CIRCLE('',#1267,0.4);
#1267 = AXIS2_PLACEMENT_3D('',#1268,#1269,#1270);
#1268 = CARTESIAN_POINT('',(-19.3,2.363568322354E-15,6.05));
#1269 = DIRECTION('',(-0.,-0.,-1.));
#1270 = DIRECTION('',(0.,-1.,0.));
#1271 = PCURVE('',#1017,#1272);
#1272 = DEFINITIONAL_REPRESENTATION('',(#1273),#1277);
#1273 = LINE('',#1274,#1275);
#1274 = CARTESIAN_POINT('',(-0.,1.570796326795));
#1275 = VECTOR('',#1276,1.);
#1276 = DIRECTION('',(-1.,0.));
#1277 = ( GEOMETRIC_REPRESENTATION_CONTEXT(2) 
PARAMETRIC_REPRESENTATION_CONTEXT() REPRESENTATION_CONTEXT('2D SPACE',''
  ) );
#1278 = PCURVE('',#1124,#1279);
#1279 = DEFINITIONAL_REPRESENTATION('',(#1280),#1288);
#1280 = ( BOUNDED_CURVE() B_SPLINE_CURVE(2,(#1281,#1282,#1283,#1284,
#1285,#1286,#1287),.UNSPECIFIED.,.T.,.F.) B_SPLINE_CURVE_WITH_KNOTS((1,2
    ,2,2,2,1),(-2.094395102393,0.,2.094395102393,4.188790204786,
6.28318530718,8.377580409573),.UNSPECIFIED.) CURVE() 
GEOMETRIC_REPRESENTATION_ITEM() RATIONAL_B_SPLINE_CURVE((1.,0.5,1.,0.5,
1.,0.5,1.)) REPRESENTATION_ITEM('') );
#1281 = CARTESIAN_POINT('',(6.,0.4));
#1282 = CARTESIAN_POINT('',(6.692820323028,0.4));
#1283 = CARTESIAN_POINT('',(6.346410161514,-0.2));
#1284 = CARTESIAN_POINT('',(6.,-0.8));
#1285 = CARTESIAN_POINT('',(5.653589838486,-0.2));
#1286 = CARTESIAN_POINT('',(5.307179676972,0.4));
#1287 = CARTESIAN_POINT('',(6.,0.4));
#1288 = ( GEOMETRIC_REPRESENTATION_CONTEXT(2) 
PARAMETRIC_REPRESENTATION_CONTEXT() REPRESENTATION_CONTEXT('2D SPACE',''
  ) );
#1289 = ADVANCED_FACE('',(#1290),#1071,.T.);
#1290 = FACE_BOUND('',#1291,.T.);
#1291 = EDGE_LOOP('',(#1292,#1315,#1316,#1317,#1346,#1372,#1401,#1427,
    #1456,#1482,#1506,#1532,#1561,#1587,#1611,#1637));
#1292 = ORIENTED_EDGE('',*,*,#1293,.T.);
#1293 = EDGE_CURVE('',#1294,#1055,#1296,.T.);
#1294 = VERTEX_POINT('',#1295);
#1295 = CARTESIAN_POINT('',(9.115,-2.232531114846E-15,-2.22));
#1296 = SEAM_CURVE('',#1297,(#1301,#1308),.PCURVE_S1.);
#1297 = LINE('',#1298,#1299);
#1298 = CARTESIAN_POINT('',(9.115,-2.232531114846E-15,-3.72));
#1299 = VECTOR('',#1300,1.);
#1300 = DIRECTION('',(0.,0.,1.));
#1301 = PCURVE('',#1071,#1302);
#1302 = DEFINITIONAL_REPRESENTATION('',(#1303),#1307);
#1303 = LINE('',#1304,#1305);
#1304 = CARTESIAN_POINT('',(6.28318530718,-0.));
#1305 = VECTOR('',#1306,1.);
#1306 = DIRECTION('',(0.,1.));
#1307 = ( GEOMETRIC_REPRESENTATION_CONTEXT(2) 
PARAMETRIC_REPRESENTATION_CONTEXT() REPRESENTATION_CONTEXT('2D SPACE',''
  ) );
#1308 = PCURVE('',#1071,#1309);
#1309 = DEFINITIONAL_REPRESENTATION('',(#1310),#1314);
#1310 = LINE('',#1311,#1312);
#1311 = CARTESIAN_POINT('',(0.,-0.));
#1312 = VECTOR('',#1313,1.);
#1313 = DIRECTION('',(0.,1.));
#1314 = ( GEOMETRIC_REPRESENTATION_CONTEXT(2) 
PARAMETRIC_REPRESENTATION_CONTEXT() REPRESENTATION_CONTEXT('2D SPACE',''
  ) );
#1315 = ORIENTED_EDGE('',*,*,#1054,.F.);
#1316 = ORIENTED_EDGE('',*,*,#1293,.F.);
#1317 = ORIENTED_EDGE('',*,*,#1318,.T.);
#1318 = EDGE_CURVE('',#1294,#1319,#1321,.T.);
#1319 = VERTEX_POINT('',#1320);
#1320 = CARTESIAN_POINT('',(8.369655010811,3.61,-2.22));
#1321 = SURFACE_CURVE('',#1322,(#1327,#1334),.PCURVE_S1.);
#1322 = CIRCLE('',#1323,9.115);
#1323 = AXIS2_PLACEMENT_3D('',#1324,#1325,#1326);
#1324 = CARTESIAN_POINT('',(0.,0.,-2.22));
#1325 = DIRECTION('',(0.,0.,1.));
#1326 = DIRECTION('',(1.,0.,-0.));
#1327 = PCURVE('',#1071,#1328);
#1328 = DEFINITIONAL_REPRESENTATION('',(#1329),#1333);
#1329 = LINE('',#1330,#1331);
#1330 = CARTESIAN_POINT('',(0.,1.5));
#1331 = VECTOR('',#1332,1.);
#1332 = DIRECTION('',(1.,0.));
#1333 = ( GEOMETRIC_REPRESENTATION_CONTEXT(2) 
PARAMETRIC_REPRESENTATION_CONTEXT() REPRESENTATION_CONTEXT('2D SPACE',''
  ) );
#1334 = PCURVE('',#1335,#1340);
#1335 = PLANE('',#1336);
#1336 = AXIS2_PLACEMENT_3D('',#1337,#1338,#1339);
#1337 = CARTESIAN_POINT('',(8.115,-3.61,-2.22));
#1338 = DIRECTION('',(0.,0.,1.));
#1339 = DIRECTION('',(1.,0.,0.));
#1340 = DEFINITIONAL_REPRESENTATION('',(#1341),#1345);
#1341 = CIRCLE('',#1342,9.115);
#1342 = AXIS2_PLACEMENT_2D('',#1343,#1344);
#1343 = CARTESIAN_POINT('',(-8.115,3.61));
#1344 = DIRECTION('',(1.,0.));
#1345 = ( GEOMETRIC_REPRESENTATION_CONTEXT(2) 
PARAMETRIC_REPRESENTATION_CONTEXT() REPRESENTATION_CONTEXT('2D SPACE',''
  ) );
#1346 = ORIENTED_EDGE('',*,*,#1347,.F.);
#1347 = EDGE_CURVE('',#1348,#1319,#1350,.T.);
#1348 = VERTEX_POINT('',#1349);
#1349 = CARTESIAN_POINT('',(8.369655010811,3.61,-3.72));
#1350 = SURFACE_CURVE('',#1351,(#1355,#1361),.PCURVE_S1.);
#1351 = LINE('',#1352,#1353);
#1352 = CARTESIAN_POINT('',(8.369655010811,3.61,-3.72));
#1353 = VECTOR('',#1354,1.);
#1354 = DIRECTION('',(0.,0.,1.));
#1355 = PCURVE('',#1071,#1356);
#1356 = DEFINITIONAL_REPRESENTATION('',(#1357),#1360);
#1357 = B_SPLINE_CURVE_WITH_KNOTS('',1,(#1358,#1359),.UNSPECIFIED.,.F.,
  .F.,(2,2),(-2.400000000069E-06,1.65),.PIECEWISE_BEZIER_KNOTS.);
#1358 = CARTESIAN_POINT('',(0.407211582897,-2.400000000069E-06));
#1359 = CARTESIAN_POINT('',(0.407211582897,1.65));
#1360 = ( GEOMETRIC_REPRESENTATION_CONTEXT(2) 
PARAMETRIC_REPRESENTATION_CONTEXT() REPRESENTATION_CONTEXT('2D SPACE',''
  ) );
#1361 = PCURVE('',#1362,#1367);
#1362 = PLANE('',#1363);
#1363 = AXIS2_PLACEMENT_3D('',#1364,#1365,#1366);
#1364 = CARTESIAN_POINT('',(8.115,3.61,-3.72));
#1365 = DIRECTION('',(0.,1.,0.));
#1366 = DIRECTION('',(0.,0.,1.));
#1367 = DEFINITIONAL_REPRESENTATION('',(#1368),#1371);
#1368 = B_SPLINE_CURVE_WITH_KNOTS('',1,(#1369,#1370),.UNSPECIFIED.,.F.,
  .F.,(2,2),(-2.400000000069E-06,1.65),.PIECEWISE_BEZIER_KNOTS.);
#1369 = CARTESIAN_POINT('',(-2.400000000069E-06,0.254655010811));
#1370 = CARTESIAN_POINT('',(1.65,0.254655010811));
#1371 = ( GEOMETRIC_REPRESENTATION_CONTEXT(2) 
PARAMETRIC_REPRESENTATION_CONTEXT() REPRESENTATION_CONTEXT('2D SPACE',''
  ) );
#1372 = ORIENTED_EDGE('',*,*,#1373,.T.);
#1373 = EDGE_CURVE('',#1348,#1374,#1376,.T.);
#1374 = VERTEX_POINT('',#1375);
#1375 = CARTESIAN_POINT('',(-1.058475797744,9.053333860274,-3.72));
#1376 = SURFACE_CURVE('',#1377,(#1382,#1389),.PCURVE_S1.);
#1377 = CIRCLE('',#1378,9.115);
#1378 = AXIS2_PLACEMENT_3D('',#1379,#1380,#1381);
#1379 = CARTESIAN_POINT('',(0.,0.,-3.72));
#1380 = DIRECTION('',(0.,0.,1.));
#1381 = DIRECTION('',(1.,0.,-0.));
#1382 = PCURVE('',#1071,#1383);
#1383 = DEFINITIONAL_REPRESENTATION('',(#1384),#1388);
#1384 = LINE('',#1385,#1386);
#1385 = CARTESIAN_POINT('',(0.,0.));
#1386 = VECTOR('',#1387,1.);
#1387 = DIRECTION('',(1.,0.));
#1388 = ( GEOMETRIC_REPRESENTATION_CONTEXT(2) 
PARAMETRIC_REPRESENTATION_CONTEXT() REPRESENTATION_CONTEXT('2D SPACE',''
  ) );
#1389 = PCURVE('',#1390,#1395);
#1390 = PLANE('',#1391);
#1391 = AXIS2_PLACEMENT_3D('',#1392,#1393,#1394);
#1392 = CARTESIAN_POINT('',(0.,0.,-3.72));
#1393 = DIRECTION('',(0.,0.,1.));
#1394 = DIRECTION('',(1.,0.,-0.));
#1395 = DEFINITIONAL_REPRESENTATION('',(#1396),#1400);
#1396 = CIRCLE('',#1397,9.115);
#1397 = AXIS2_PLACEMENT_2D('',#1398,#1399);
#1398 = CARTESIAN_POINT('',(0.,0.));
#1399 = DIRECTION('',(1.,0.));
#1400 = ( GEOMETRIC_REPRESENTATION_CONTEXT(2) 
PARAMETRIC_REPRESENTATION_CONTEXT() REPRESENTATION_CONTEXT('2D SPACE',''
  ) );
#1401 = ORIENTED_EDGE('',*,*,#1402,.T.);
#1402 = EDGE_CURVE('',#1374,#1403,#1405,.T.);
#1403 = VERTEX_POINT('',#1404);
#1404 = CARTESIAN_POINT('',(-1.058475797744,9.053333860274,-2.22));
#1405 = SURFACE_CURVE('',#1406,(#1410,#1416),.PCURVE_S1.);
#1406 = LINE('',#1407,#1408);
#1407 = CARTESIAN_POINT('',(-1.058475797744,9.053333860274,-3.72));
#1408 = VECTOR('',#1409,1.);
#1409 = DIRECTION('',(0.,0.,1.));
#1410 = PCURVE('',#1071,#1411);
#1411 = DEFINITIONAL_REPRESENTATION('',(#1412),#1415);
#1412 = B_SPLINE_CURVE_WITH_KNOTS('',1,(#1413,#1414),.UNSPECIFIED.,.F.,
  .F.,(2,2),(-2.400000000069E-06,1.65),.PIECEWISE_BEZIER_KNOTS.);
#1413 = CARTESIAN_POINT('',(1.687183519496,-2.400000000069E-06));
#1414 = CARTESIAN_POINT('',(1.687183519496,1.65));
#1415 = ( GEOMETRIC_REPRESENTATION_CONTEXT(2) 
PARAMETRIC_REPRESENTATION_CONTEXT() REPRESENTATION_CONTEXT('2D SPACE',''
  ) );
#1416 = PCURVE('',#1417,#1422);
#1417 = PLANE('',#1418);
#1418 = AXIS2_PLACEMENT_3D('',#1419,#1420,#1421);
#1419 = CARTESIAN_POINT('',(-0.931148292338,8.832796151711,-3.72));
#1420 = DIRECTION('',(-0.866025403784,-0.5,0.));
#1421 = DIRECTION('',(0.,0.,1.));
#1422 = DEFINITIONAL_REPRESENTATION('',(#1423),#1426);
#1423 = B_SPLINE_CURVE_WITH_KNOTS('',1,(#1424,#1425),.UNSPECIFIED.,.F.,
  .F.,(2,2),(-2.400000000069E-06,1.65),.PIECEWISE_BEZIER_KNOTS.);
#1424 = CARTESIAN_POINT('',(-2.400000000069E-06,0.254655010811));
#1425 = CARTESIAN_POINT('',(1.65,0.254655010811));
#1426 = ( GEOMETRIC_REPRESENTATION_CONTEXT(2) 
PARAMETRIC_REPRESENTATION_CONTEXT() REPRESENTATION_CONTEXT('2D SPACE',''
  ) );
#1427 = ORIENTED_EDGE('',*,*,#1428,.T.);
#1428 = EDGE_CURVE('',#1403,#1429,#1431,.T.);
#1429 = VERTEX_POINT('',#1430);
#1430 = CARTESIAN_POINT('',(-7.311179213068,5.443333860274,-2.22));
#1431 = SURFACE_CURVE('',#1432,(#1437,#1444),.PCURVE_S1.);
#1432 = CIRCLE('',#1433,9.115);
#1433 = AXIS2_PLACEMENT_3D('',#1434,#1435,#1436);
#1434 = CARTESIAN_POINT('',(0.,0.,-2.22));
#1435 = DIRECTION('',(0.,0.,1.));
#1436 = DIRECTION('',(1.,0.,-0.));
#1437 = PCURVE('',#1071,#1438);
#1438 = DEFINITIONAL_REPRESENTATION('',(#1439),#1443);
#1439 = LINE('',#1440,#1441);
#1440 = CARTESIAN_POINT('',(0.,1.5));
#1441 = VECTOR('',#1442,1.);
#1442 = DIRECTION('',(1.,0.));
#1443 = ( GEOMETRIC_REPRESENTATION_CONTEXT(2) 
PARAMETRIC_REPRESENTATION_CONTEXT() REPRESENTATION_CONTEXT('2D SPACE',''
  ) );
#1444 = PCURVE('',#1445,#1450);
#1445 = PLANE('',#1446);
#1446 = AXIS2_PLACEMENT_3D('',#1447,#1448,#1449);
#1447 = CARTESIAN_POINT('',(-0.931148292338,8.832796151711,-2.22));
#1448 = DIRECTION('',(0.,0.,1.));
#1449 = DIRECTION('',(-0.5,0.866025403784,0.));
#1450 = DEFINITIONAL_REPRESENTATION('',(#1451),#1455);
#1451 = CIRCLE('',#1452,9.115);
#1452 = AXIS2_PLACEMENT_2D('',#1453,#1454);
#1453 = CARTESIAN_POINT('',(-8.115,3.61));
#1454 = DIRECTION('',(-0.5,-0.866025403784));
#1455 = ( GEOMETRIC_REPRESENTATION_CONTEXT(2) 
PARAMETRIC_REPRESENTATION_CONTEXT() REPRESENTATION_CONTEXT('2D SPACE',''
  ) );
#1456 = ORIENTED_EDGE('',*,*,#1457,.F.);
#1457 = EDGE_CURVE('',#1458,#1429,#1460,.T.);
#1458 = VERTEX_POINT('',#1459);
#1459 = CARTESIAN_POINT('',(-7.311179213068,5.443333860274,-3.72));
#1460 = SURFACE_CURVE('',#1461,(#1465,#1471),.PCURVE_S1.);
#1461 = LINE('',#1462,#1463);
#1462 = CARTESIAN_POINT('',(-7.311179213068,5.443333860274,-3.72));
#1463 = VECTOR('',#1464,1.);
#1464 = DIRECTION('',(0.,0.,1.));
#1465 = PCURVE('',#1071,#1466);
#1466 = DEFINITIONAL_REPRESENTATION('',(#1467),#1470);
#1467 = B_SPLINE_CURVE_WITH_KNOTS('',1,(#1468,#1469),.UNSPECIFIED.,.F.,
  .F.,(2,2),(-2.400000000069E-06,1.65),.PIECEWISE_BEZIER_KNOTS.);
#1468 = CARTESIAN_POINT('',(2.501606685291,-2.400000000069E-06));
#1469 = CARTESIAN_POINT('',(2.501606685291,1.65));
#1470 = ( GEOMETRIC_REPRESENTATION_CONTEXT(2) 
PARAMETRIC_REPRESENTATION_CONTEXT() REPRESENTATION_CONTEXT('2D SPACE',''
  ) );
#1471 = PCURVE('',#1472,#1477);
#1472 = PLANE('',#1473);
#1473 = AXIS2_PLACEMENT_3D('',#1474,#1475,#1476);
#1474 = CARTESIAN_POINT('',(-7.183851707662,5.222796151711,-3.72));
#1475 = DIRECTION('',(-0.866025403784,-0.5,0.));
#1476 = DIRECTION('',(0.,0.,1.));
#1477 = DEFINITIONAL_REPRESENTATION('',(#1478),#1481);
#1478 = B_SPLINE_CURVE_WITH_KNOTS('',1,(#1479,#1480),.UNSPECIFIED.,.F.,
  .F.,(2,2),(-2.400000000069E-06,1.65),.PIECEWISE_BEZIER_KNOTS.);
#1479 = CARTESIAN_POINT('',(-2.400000000069E-06,0.254655010811));
#1480 = CARTESIAN_POINT('',(1.65,0.254655010811));
#1481 = ( GEOMETRIC_REPRESENTATION_CONTEXT(2) 
PARAMETRIC_REPRESENTATION_CONTEXT() REPRESENTATION_CONTEXT('2D SPACE',''
  ) );
#1482 = ORIENTED_EDGE('',*,*,#1483,.T.);
#1483 = EDGE_CURVE('',#1458,#1484,#1486,.T.);
#1484 = VERTEX_POINT('',#1485);
#1485 = CARTESIAN_POINT('',(-7.311179213068,-5.443333860274,-3.72));
#1486 = SURFACE_CURVE('',#1487,(#1492,#1499),.PCURVE_S1.);
#1487 = CIRCLE('',#1488,9.115);
#1488 = AXIS2_PLACEMENT_3D('',#1489,#1490,#1491);
#1489 = CARTESIAN_POINT('',(0.,0.,-3.72));
#1490 = DIRECTION('',(0.,0.,1.));
#1491 = DIRECTION('',(1.,0.,-0.));
#1492 = PCURVE('',#1071,#1493);
#1493 = DEFINITIONAL_REPRESENTATION('',(#1494),#1498);
#1494 = LINE('',#1495,#1496);
#1495 = CARTESIAN_POINT('',(0.,0.));
#1496 = VECTOR('',#1497,1.);
#1497 = DIRECTION('',(1.,0.));
#1498 = ( GEOMETRIC_REPRESENTATION_CONTEXT(2) 
PARAMETRIC_REPRESENTATION_CONTEXT() REPRESENTATION_CONTEXT('2D SPACE',''
  ) );
#1499 = PCURVE('',#1390,#1500);
#1500 = DEFINITIONAL_REPRESENTATION('',(#1501),#1505);
#1501 = CIRCLE('',#1502,9.115);
#1502 = AXIS2_PLACEMENT_2D('',#1503,#1504);
#1503 = CARTESIAN_POINT('',(0.,0.));
#1504 = DIRECTION('',(1.,0.));
#1505 = ( GEOMETRIC_REPRESENTATION_CONTEXT(2) 
PARAMETRIC_REPRESENTATION_CONTEXT() REPRESENTATION_CONTEXT('2D SPACE',''
  ) );
#1506 = ORIENTED_EDGE('',*,*,#1507,.T.);
#1507 = EDGE_CURVE('',#1484,#1508,#1510,.T.);
#1508 = VERTEX_POINT('',#1509);
#1509 = CARTESIAN_POINT('',(-7.311179213068,-5.443333860274,-2.22));
#1510 = SURFACE_CURVE('',#1511,(#1515,#1521),.PCURVE_S1.);
#1511 = LINE('',#1512,#1513);
#1512 = CARTESIAN_POINT('',(-7.311179213068,-5.443333860274,-3.72));
#1513 = VECTOR('',#1514,1.);
#1514 = DIRECTION('',(0.,0.,1.));
#1515 = PCURVE('',#1071,#1516);
#1516 = DEFINITIONAL_REPRESENTATION('',(#1517),#1520);
#1517 = B_SPLINE_CURVE_WITH_KNOTS('',1,(#1518,#1519),.UNSPECIFIED.,.F.,
  .F.,(2,2),(-2.400000000069E-06,1.65),.PIECEWISE_BEZIER_KNOTS.);
#1518 = CARTESIAN_POINT('',(3.781578621889,-2.400000000069E-06));
#1519 = CARTESIAN_POINT('',(3.781578621889,1.65));
#1520 = ( GEOMETRIC_REPRESENTATION_CONTEXT(2) 
PARAMETRIC_REPRESENTATION_CONTEXT() REPRESENTATION_CONTEXT('2D SPACE',''
  ) );
#1521 = PCURVE('',#1522,#1527);
#1522 = PLANE('',#1523);
#1523 = AXIS2_PLACEMENT_3D('',#1524,#1525,#1526);
#1524 = CARTESIAN_POINT('',(-7.183851707662,-5.222796151711,-3.72));
#1525 = DIRECTION('',(0.866025403784,-0.5,0.));
#1526 = DIRECTION('',(0.,0.,1.));
#1527 = DEFINITIONAL_REPRESENTATION('',(#1528),#1531);
#1528 = B_SPLINE_CURVE_WITH_KNOTS('',1,(#1529,#1530),.UNSPECIFIED.,.F.,
  .F.,(2,2),(-2.400000000069E-06,1.65),.PIECEWISE_BEZIER_KNOTS.);
#1529 = CARTESIAN_POINT('',(-2.400000000069E-06,0.254655010811));
#1530 = CARTESIAN_POINT('',(1.65,0.254655010811));
#1531 = ( GEOMETRIC_REPRESENTATION_CONTEXT(2) 
PARAMETRIC_REPRESENTATION_CONTEXT() REPRESENTATION_CONTEXT('2D SPACE',''
  ) );
#1532 = ORIENTED_EDGE('',*,*,#1533,.T.);
#1533 = EDGE_CURVE('',#1508,#1534,#1536,.T.);
#1534 = VERTEX_POINT('',#1535);
#1535 = CARTESIAN_POINT('',(-1.058475797744,-9.053333860274,-2.22));
#1536 = SURFACE_CURVE('',#1537,(#1542,#1549),.PCURVE_S1.);
#1537 = CIRCLE('',#1538,9.115);
#1538 = AXIS2_PLACEMENT_3D('',#1539,#1540,#1541);
#1539 = CARTESIAN_POINT('',(0.,0.,-2.22));
#1540 = DIRECTION('',(0.,0.,1.));
#1541 = DIRECTION('',(1.,0.,-0.));
#1542 = PCURVE('',#1071,#1543);
#1543 = DEFINITIONAL_REPRESENTATION('',(#1544),#1548);
#1544 = LINE('',#1545,#1546);
#1545 = CARTESIAN_POINT('',(0.,1.5));
#1546 = VECTOR('',#1547,1.);
#1547 = DIRECTION('',(1.,0.));
#1548 = ( GEOMETRIC_REPRESENTATION_CONTEXT(2) 
PARAMETRIC_REPRESENTATION_CONTEXT() REPRESENTATION_CONTEXT('2D SPACE',''
  ) );
#1549 = PCURVE('',#1550,#1555);
#1550 = PLANE('',#1551);
#1551 = AXIS2_PLACEMENT_3D('',#1552,#1553,#1554);
#1552 = CARTESIAN_POINT('',(-7.183851707662,-5.222796151711,-2.22));
#1553 = DIRECTION('',(0.,0.,1.));
#1554 = DIRECTION('',(-0.5,-0.866025403784,0.));
#1555 = DEFINITIONAL_REPRESENTATION('',(#1556),#1560);
#1556 = CIRCLE('',#1557,9.115);
#1557 = AXIS2_PLACEMENT_2D('',#1558,#1559);
#1558 = CARTESIAN_POINT('',(-8.115,3.61));
#1559 = DIRECTION('',(-0.5,0.866025403784));
#1560 = ( GEOMETRIC_REPRESENTATION_CONTEXT(2) 
PARAMETRIC_REPRESENTATION_CONTEXT() REPRESENTATION_CONTEXT('2D SPACE',''
  ) );
#1561 = ORIENTED_EDGE('',*,*,#1562,.F.);
#1562 = EDGE_CURVE('',#1563,#1534,#1565,.T.);
#1563 = VERTEX_POINT('',#1564);
#1564 = CARTESIAN_POINT('',(-1.058475797744,-9.053333860274,-3.72));
#1565 = SURFACE_CURVE('',#1566,(#1570,#1576),.PCURVE_S1.);
#1566 = LINE('',#1567,#1568);
#1567 = CARTESIAN_POINT('',(-1.058475797744,-9.053333860274,-3.72));
#1568 = VECTOR('',#1569,1.);
#1569 = DIRECTION('',(0.,0.,1.));
#1570 = PCURVE('',#1071,#1571);
#1571 = DEFINITIONAL_REPRESENTATION('',(#1572),#1575);
#1572 = B_SPLINE_CURVE_WITH_KNOTS('',1,(#1573,#1574),.UNSPECIFIED.,.F.,
  .F.,(2,2),(-2.400000000069E-06,1.65),.PIECEWISE_BEZIER_KNOTS.);
#1573 = CARTESIAN_POINT('',(4.596001787684,-2.400000000069E-06));
#1574 = CARTESIAN_POINT('',(4.596001787684,1.65));
#1575 = ( GEOMETRIC_REPRESENTATION_CONTEXT(2) 
PARAMETRIC_REPRESENTATION_CONTEXT() REPRESENTATION_CONTEXT('2D SPACE',''
  ) );
#1576 = PCURVE('',#1577,#1582);
#1577 = PLANE('',#1578);
#1578 = AXIS2_PLACEMENT_3D('',#1579,#1580,#1581);
#1579 = CARTESIAN_POINT('',(-0.931148292338,-8.832796151711,-3.72));
#1580 = DIRECTION('',(0.866025403784,-0.5,0.));
#1581 = DIRECTION('',(0.,0.,1.));
#1582 = DEFINITIONAL_REPRESENTATION('',(#1583),#1586);
#1583 = B_SPLINE_CURVE_WITH_KNOTS('',1,(#1584,#1585),.UNSPECIFIED.,.F.,
  .F.,(2,2),(-2.400000000069E-06,1.65),.PIECEWISE_BEZIER_KNOTS.);
#1584 = CARTESIAN_POINT('',(-2.400000000069E-06,0.254655010811));
#1585 = CARTESIAN_POINT('',(1.65,0.254655010811));
#1586 = ( GEOMETRIC_REPRESENTATION_CONTEXT(2) 
PARAMETRIC_REPRESENTATION_CONTEXT() REPRESENTATION_CONTEXT('2D SPACE',''
  ) );
#1587 = ORIENTED_EDGE('',*,*,#1588,.T.);
#1588 = EDGE_CURVE('',#1563,#1589,#1591,.T.);
#1589 = VERTEX_POINT('',#1590);
#1590 = CARTESIAN_POINT('',(8.369655010811,-3.61,-3.72));
#1591 = SURFACE_CURVE('',#1592,(#1597,#1604),.PCURVE_S1.);
#1592 = CIRCLE('',#1593,9.115);
#1593 = AXIS2_PLACEMENT_3D('',#1594,#1595,#1596);
#1594 = CARTESIAN_POINT('',(0.,0.,-3.72));
#1595 = DIRECTION('',(0.,0.,1.));
#1596 = DIRECTION('',(1.,0.,-0.));
#1597 = PCURVE('',#1071,#1598);
#1598 = DEFINITIONAL_REPRESENTATION('',(#1599),#1603);
#1599 = LINE('',#1600,#1601);
#1600 = CARTESIAN_POINT('',(0.,0.));
#1601 = VECTOR('',#1602,1.);
#1602 = DIRECTION('',(1.,0.));
#1603 = ( GEOMETRIC_REPRESENTATION_CONTEXT(2) 
PARAMETRIC_REPRESENTATION_CONTEXT() REPRESENTATION_CONTEXT('2D SPACE',''
  ) );
#1604 = PCURVE('',#1390,#1605);
#1605 = DEFINITIONAL_REPRESENTATION('',(#1606),#1610);
#1606 = CIRCLE('',#1607,9.115);
#1607 = AXIS2_PLACEMENT_2D('',#1608,#1609);
#1608 = CARTESIAN_POINT('',(0.,0.));
#1609 = DIRECTION('',(1.,0.));
#1610 = ( GEOMETRIC_REPRESENTATION_CONTEXT(2) 
PARAMETRIC_REPRESENTATION_CONTEXT() REPRESENTATION_CONTEXT('2D SPACE',''
  ) );
#1611 = ORIENTED_EDGE('',*,*,#1612,.T.);
#1612 = EDGE_CURVE('',#1589,#1613,#1615,.T.);
#1613 = VERTEX_POINT('',#1614);
#1614 = CARTESIAN_POINT('',(8.369655010811,-3.61,-2.22));
#1615 = SURFACE_CURVE('',#1616,(#1620,#1626),.PCURVE_S1.);
#1616 = LINE('',#1617,#1618);
#1617 = CARTESIAN_POINT('',(8.369655010811,-3.61,-3.72));
#1618 = VECTOR('',#1619,1.);
#1619 = DIRECTION('',(0.,0.,1.));
#1620 = PCURVE('',#1071,#1621);
#1621 = DEFINITIONAL_REPRESENTATION('',(#1622),#1625);
#1622 = B_SPLINE_CURVE_WITH_KNOTS('',1,(#1623,#1624),.UNSPECIFIED.,.F.,
  .F.,(2,2),(-2.400000000069E-06,1.65),.PIECEWISE_BEZIER_KNOTS.);
#1623 = CARTESIAN_POINT('',(5.875973724282,-2.400000000069E-06));
#1624 = CARTESIAN_POINT('',(5.875973724282,1.65));
#1625 = ( GEOMETRIC_REPRESENTATION_CONTEXT(2) 
PARAMETRIC_REPRESENTATION_CONTEXT() REPRESENTATION_CONTEXT('2D SPACE',''
  ) );
#1626 = PCURVE('',#1627,#1632);
#1627 = PLANE('',#1628);
#1628 = AXIS2_PLACEMENT_3D('',#1629,#1630,#1631);
#1629 = CARTESIAN_POINT('',(8.115,-3.61,-3.72));
#1630 = DIRECTION('',(0.,1.,0.));
#1631 = DIRECTION('',(0.,0.,1.));
#1632 = DEFINITIONAL_REPRESENTATION('',(#1633),#1636);
#1633 = B_SPLINE_CURVE_WITH_KNOTS('',1,(#1634,#1635),.UNSPECIFIED.,.F.,
  .F.,(2,2),(-2.400000000069E-06,1.65),.PIECEWISE_BEZIER_KNOTS.);
#1634 = CARTESIAN_POINT('',(-2.400000000069E-06,0.254655010811));
#1635 = CARTESIAN_POINT('',(1.65,0.254655010811));
#1636 = ( GEOMETRIC_REPRESENTATION_CONTEXT(2) 
PARAMETRIC_REPRESENTATION_CONTEXT() REPRESENTATION_CONTEXT('2D SPACE',''
  ) );
#1637 = ORIENTED_EDGE('',*,*,#1638,.T.);
#1638 = EDGE_CURVE('',#1613,#1294,#1639,.T.);
#1639 = SURFACE_CURVE('',#1640,(#1645,#1652),.PCURVE_S1.);
#1640 = CIRCLE('',#1641,9.115);
#1641 = AXIS2_PLACEMENT_3D('',#1642,#1643,#1644);
#1642 = CARTESIAN_POINT('',(0.,0.,-2.22));
#1643 = DIRECTION('',(0.,0.,1.));
#1644 = DIRECTION('',(1.,0.,-0.));
#1645 = PCURVE('',#1071,#1646);
#1646 = DEFINITIONAL_REPRESENTATION('',(#1647),#1651);
#1647 = LINE('',#1648,#1649);
#1648 = CARTESIAN_POINT('',(0.,1.5));
#1649 = VECTOR('',#1650,1.);
#1650 = DIRECTION('',(1.,0.));
#1651 = ( GEOMETRIC_REPRESENTATION_CONTEXT(2) 
PARAMETRIC_REPRESENTATION_CONTEXT() REPRESENTATION_CONTEXT('2D SPACE',''
  ) );
#1652 = PCURVE('',#1335,#1653);
#1653 = DEFINITIONAL_REPRESENTATION('',(#1654),#1658);
#1654 = CIRCLE('',#1655,9.115);
#1655 = AXIS2_PLACEMENT_2D('',#1656,#1657);
#1656 = CARTESIAN_POINT('',(-8.115,3.61));
#1657 = DIRECTION('',(1.,0.));
#1658 = ( GEOMETRIC_REPRESENTATION_CONTEXT(2) 
PARAMETRIC_REPRESENTATION_CONTEXT() REPRESENTATION_CONTEXT('2D SPACE',''
  ) );
#1659 = ADVANCED_FACE('',(#1660),#1124,.T.);
#1660 = FACE_BOUND('',#1661,.T.);
#1661 = EDGE_LOOP('',(#1662,#1663,#1664,#1665));
#1662 = ORIENTED_EDGE('',*,*,#1108,.F.);
#1663 = ORIENTED_EDGE('',*,*,#1184,.F.);
#1664 = ORIENTED_EDGE('',*,*,#1235,.F.);
#1665 = ORIENTED_EDGE('',*,*,#1264,.F.);
#1666 = ADVANCED_FACE('',(#1667),#1335,.T.);
#1667 = FACE_BOUND('',#1668,.T.);
#1668 = EDGE_LOOP('',(#1669,#1692,#1693,#1694,#1717));
#1669 = ORIENTED_EDGE('',*,*,#1670,.F.);
#1670 = EDGE_CURVE('',#1319,#1671,#1673,.T.);
#1671 = VERTEX_POINT('',#1672);
#1672 = CARTESIAN_POINT('',(12.191764638476,3.610000000001,-2.22));
#1673 = SURFACE_CURVE('',#1674,(#1678,#1685),.PCURVE_S1.);
#1674 = LINE('',#1675,#1676);
#1675 = CARTESIAN_POINT('',(8.115,3.61,-2.22));
#1676 = VECTOR('',#1677,1.);
#1677 = DIRECTION('',(1.,0.,0.));
#1678 = PCURVE('',#1335,#1679);
#1679 = DEFINITIONAL_REPRESENTATION('',(#1680),#1684);
#1680 = LINE('',#1681,#1682);
#1681 = CARTESIAN_POINT('',(0.,7.22));
#1682 = VECTOR('',#1683,1.);
#1683 = DIRECTION('',(1.,0.));
#1684 = ( GEOMETRIC_REPRESENTATION_CONTEXT(2) 
PARAMETRIC_REPRESENTATION_CONTEXT() REPRESENTATION_CONTEXT('2D SPACE',''
  ) );
#1685 = PCURVE('',#1362,#1686);
#1686 = DEFINITIONAL_REPRESENTATION('',(#1687),#1691);
#1687 = LINE('',#1688,#1689);
#1688 = CARTESIAN_POINT('',(1.5,0.));
#1689 = VECTOR('',#1690,1.);
#1690 = DIRECTION('',(0.,1.));
#1691 = ( GEOMETRIC_REPRESENTATION_CONTEXT(2) 
PARAMETRIC_REPRESENTATION_CONTEXT() REPRESENTATION_CONTEXT('2D SPACE',''
  ) );
#1692 = ORIENTED_EDGE('',*,*,#1318,.F.);
#1693 = ORIENTED_EDGE('',*,*,#1638,.F.);
#1694 = ORIENTED_EDGE('',*,*,#1695,.T.);
#1695 = EDGE_CURVE('',#1613,#1696,#1698,.T.);
#1696 = VERTEX_POINT('',#1697);
#1697 = CARTESIAN_POINT('',(12.191764638476,-3.610000000001,-2.22));
#1698 = SURFACE_CURVE('',#1699,(#1703,#1710),.PCURVE_S1.);
#1699 = LINE('',#1700,#1701);
#1700 = CARTESIAN_POINT('',(8.115,-3.61,-2.22));
#1701 = VECTOR('',#1702,1.);
#1702 = DIRECTION('',(1.,0.,0.));
#1703 = PCURVE('',#1335,#1704);
#1704 = DEFINITIONAL_REPRESENTATION('',(#1705),#1709);
#1705 = LINE('',#1706,#1707);
#1706 = CARTESIAN_POINT('',(0.,0.));
#1707 = VECTOR('',#1708,1.);
#1708 = DIRECTION('',(1.,0.));
#1709 = ( GEOMETRIC_REPRESENTATION_CONTEXT(2) 
PARAMETRIC_REPRESENTATION_CONTEXT() REPRESENTATION_CONTEXT('2D SPACE',''
  ) );
#1710 = PCURVE('',#1627,#1711);
#1711 = DEFINITIONAL_REPRESENTATION('',(#1712),#1716);
#1712 = LINE('',#1713,#1714);
#1713 = CARTESIAN_POINT('',(1.5,0.));
#1714 = VECTOR('',#1715,1.);
#1715 = DIRECTION('',(0.,1.));
#1716 = ( GEOMETRIC_REPRESENTATION_CONTEXT(2) 
PARAMETRIC_REPRESENTATION_CONTEXT() REPRESENTATION_CONTEXT('2D SPACE',''
  ) );
#1717 = ORIENTED_EDGE('',*,*,#1718,.T.);
#1718 = EDGE_CURVE('',#1696,#1671,#1719,.T.);
#1719 = SURFACE_CURVE('',#1720,(#1725,#1732),.PCURVE_S1.);
#1720 = CIRCLE('',#1721,12.715);
#1721 = AXIS2_PLACEMENT_3D('',#1722,#1723,#1724);
#1722 = CARTESIAN_POINT('',(0.,0.,-2.22));
#1723 = DIRECTION('',(-0.,0.,1.));
#1724 = DIRECTION('',(0.958848968814,-0.283916633897,0.));
#1725 = PCURVE('',#1335,#1726);
#1726 = DEFINITIONAL_REPRESENTATION('',(#1727),#1731);
#1727 = CIRCLE('',#1728,12.715);
#1728 = AXIS2_PLACEMENT_2D('',#1729,#1730);
#1729 = CARTESIAN_POINT('',(-8.115,3.61));
#1730 = DIRECTION('',(0.958848968814,-0.283916633897));
#1731 = ( GEOMETRIC_REPRESENTATION_CONTEXT(2) 
PARAMETRIC_REPRESENTATION_CONTEXT() REPRESENTATION_CONTEXT('2D SPACE',''
  ) );
#1732 = PCURVE('',#1733,#1738);
#1733 = CYLINDRICAL_SURFACE('',#1734,12.715);
#1734 = AXIS2_PLACEMENT_3D('',#1735,#1736,#1737);
#1735 = CARTESIAN_POINT('',(0.,0.,-3.72));
#1736 = DIRECTION('',(0.,0.,1.));
#1737 = DIRECTION('',(1.,0.,0.));
#1738 = DEFINITIONAL_REPRESENTATION('',(#1739),#1743);
#1739 = LINE('',#1740,#1741);
#1740 = CARTESIAN_POINT('',(5.99530892936,1.5));
#1741 = VECTOR('',#1742,1.);
#1742 = DIRECTION('',(1.,0.));
#1743 = ( GEOMETRIC_REPRESENTATION_CONTEXT(2) 
PARAMETRIC_REPRESENTATION_CONTEXT() REPRESENTATION_CONTEXT('2D SPACE',''
  ) );
#1744 = ADVANCED_FACE('',(#1745),#1627,.F.);
#1745 = FACE_BOUND('',#1746,.F.);
#1746 = EDGE_LOOP('',(#1747,#1770,#1771,#1772));
#1747 = ORIENTED_EDGE('',*,*,#1748,.F.);
#1748 = EDGE_CURVE('',#1589,#1749,#1751,.T.);
#1749 = VERTEX_POINT('',#1750);
#1750 = CARTESIAN_POINT('',(12.191764638476,-3.610000000001,-3.72));
#1751 = SURFACE_CURVE('',#1752,(#1756,#1763),.PCURVE_S1.);
#1752 = LINE('',#1753,#1754);
#1753 = CARTESIAN_POINT('',(8.115,-3.61,-3.72));
#1754 = VECTOR('',#1755,1.);
#1755 = DIRECTION('',(1.,0.,0.));
#1756 = PCURVE('',#1627,#1757);
#1757 = DEFINITIONAL_REPRESENTATION('',(#1758),#1762);
#1758 = LINE('',#1759,#1760);
#1759 = CARTESIAN_POINT('',(0.,0.));
#1760 = VECTOR('',#1761,1.);
#1761 = DIRECTION('',(0.,1.));
#1762 = ( GEOMETRIC_REPRESENTATION_CONTEXT(2) 
PARAMETRIC_REPRESENTATION_CONTEXT() REPRESENTATION_CONTEXT('2D SPACE',''
  ) );
#1763 = PCURVE('',#1390,#1764);
#1764 = DEFINITIONAL_REPRESENTATION('',(#1765),#1769);
#1765 = LINE('',#1766,#1767);
#1766 = CARTESIAN_POINT('',(8.115,-3.61));
#1767 = VECTOR('',#1768,1.);
#1768 = DIRECTION('',(1.,0.));
#1769 = ( GEOMETRIC_REPRESENTATION_CONTEXT(2) 
PARAMETRIC_REPRESENTATION_CONTEXT() REPRESENTATION_CONTEXT('2D SPACE',''
  ) );
#1770 = ORIENTED_EDGE('',*,*,#1612,.T.);
#1771 = ORIENTED_EDGE('',*,*,#1695,.T.);
#1772 = ORIENTED_EDGE('',*,*,#1773,.F.);
#1773 = EDGE_CURVE('',#1749,#1696,#1774,.T.);
#1774 = SURFACE_CURVE('',#1775,(#1779,#1785),.PCURVE_S1.);
#1775 = LINE('',#1776,#1777);
#1776 = CARTESIAN_POINT('',(12.191764638476,-3.61,-3.72));
#1777 = VECTOR('',#1778,1.);
#1778 = DIRECTION('',(0.,0.,1.));
#1779 = PCURVE('',#1627,#1780);
#1780 = DEFINITIONAL_REPRESENTATION('',(#1781),#1784);
#1781 = B_SPLINE_CURVE_WITH_KNOTS('',1,(#1782,#1783),.UNSPECIFIED.,.F.,
  .F.,(2,2),(-5.999999999062E-07,1.5000006),.PIECEWISE_BEZIER_KNOTS.);
#1782 = CARTESIAN_POINT('',(-5.999999999062E-07,4.076764638476));
#1783 = CARTESIAN_POINT('',(1.5000006,4.076764638476));
#1784 = ( GEOMETRIC_REPRESENTATION_CONTEXT(2) 
PARAMETRIC_REPRESENTATION_CONTEXT() REPRESENTATION_CONTEXT('2D SPACE',''
  ) );
#1785 = PCURVE('',#1733,#1786);
#1786 = DEFINITIONAL_REPRESENTATION('',(#1787),#1790);
#1787 = B_SPLINE_CURVE_WITH_KNOTS('',1,(#1788,#1789),.UNSPECIFIED.,.F.,
  .F.,(2,2),(0.,1.5),.PIECEWISE_BEZIER_KNOTS.);
#1788 = CARTESIAN_POINT('',(5.99530892936,0.));
#1789 = CARTESIAN_POINT('',(5.99530892936,1.5));
#1790 = ( GEOMETRIC_REPRESENTATION_CONTEXT(2) 
PARAMETRIC_REPRESENTATION_CONTEXT() REPRESENTATION_CONTEXT('2D SPACE',''
  ) );
#1791 = ADVANCED_FACE('',(#1792,#2001),#1390,.F.);
#1792 = FACE_BOUND('',#1793,.F.);
#1793 = EDGE_LOOP('',(#1794,#1795,#1796,#1824,#1845,#1846,#1869,#1902,
    #1923,#1924,#1947,#1980));
#1794 = ORIENTED_EDGE('',*,*,#1588,.T.);
#1795 = ORIENTED_EDGE('',*,*,#1748,.T.);
#1796 = ORIENTED_EDGE('',*,*,#1797,.F.);
#1797 = EDGE_CURVE('',#1798,#1749,#1800,.T.);
#1798 = VERTEX_POINT('',#1799);
#1799 = CARTESIAN_POINT('',(12.191764638476,3.610000000001,-3.72));
#1800 = SURFACE_CURVE('',#1801,(#1806,#1817),.PCURVE_S1.);
#1801 = CIRCLE('',#1802,12.715);
#1802 = AXIS2_PLACEMENT_3D('',#1803,#1804,#1805);
#1803 = CARTESIAN_POINT('',(0.,0.,-3.72));
#1804 = DIRECTION('',(0.,0.,-1.));
#1805 = DIRECTION('',(0.958848968814,0.283916633897,0.));
#1806 = PCURVE('',#1390,#1807);
#1807 = DEFINITIONAL_REPRESENTATION('',(#1808),#1816);
#1808 = ( BOUNDED_CURVE() B_SPLINE_CURVE(2,(#1809,#1810,#1811,#1812,
#1813,#1814,#1815),.UNSPECIFIED.,.T.,.F.) B_SPLINE_CURVE_WITH_KNOTS((1,2
    ,2,2,2,1),(-2.094395102393,0.,2.094395102393,4.188790204786,
6.28318530718,8.377580409573),.UNSPECIFIED.) CURVE() 
GEOMETRIC_REPRESENTATION_ITEM() RATIONAL_B_SPLINE_CURVE((1.,0.5,1.,0.5,
1.,0.5,1.)) REPRESENTATION_ITEM('') );
#1809 = CARTESIAN_POINT('',(12.191764638476,3.610000000001));
#1810 = CARTESIAN_POINT('',(18.444468053801,-17.50675578776));
#1811 = CARTESIAN_POINT('',(-2.969530611576,-12.36337789388));
#1812 = CARTESIAN_POINT('',(-24.38352927695,-7.220000000001));
#1813 = CARTESIAN_POINT('',(-9.2222340269,8.753377893881));
#1814 = CARTESIAN_POINT('',(5.939061223151,24.726755787763));
#1815 = CARTESIAN_POINT('',(12.191764638476,3.610000000001));
#1816 = ( GEOMETRIC_REPRESENTATION_CONTEXT(2) 
PARAMETRIC_REPRESENTATION_CONTEXT() REPRESENTATION_CONTEXT('2D SPACE',''
  ) );
#1817 = PCURVE('',#1733,#1818);
#1818 = DEFINITIONAL_REPRESENTATION('',(#1819),#1823);
#1819 = LINE('',#1820,#1821);
#1820 = CARTESIAN_POINT('',(6.571061684999,0.));
#1821 = VECTOR('',#1822,1.);
#1822 = DIRECTION('',(-1.,-0.));
#1823 = ( GEOMETRIC_REPRESENTATION_CONTEXT(2) 
PARAMETRIC_REPRESENTATION_CONTEXT() REPRESENTATION_CONTEXT('2D SPACE',''
  ) );
#1824 = ORIENTED_EDGE('',*,*,#1825,.F.);
#1825 = EDGE_CURVE('',#1348,#1798,#1826,.T.);
#1826 = SURFACE_CURVE('',#1827,(#1831,#1838),.PCURVE_S1.);
#1827 = LINE('',#1828,#1829);
#1828 = CARTESIAN_POINT('',(8.115,3.61,-3.72));
#1829 = VECTOR('',#1830,1.);
#1830 = DIRECTION('',(1.,0.,0.));
#1831 = PCURVE('',#1390,#1832);
#1832 = DEFINITIONAL_REPRESENTATION('',(#1833),#1837);
#1833 = LINE('',#1834,#1835);
#1834 = CARTESIAN_POINT('',(8.115,3.61));
#1835 = VECTOR('',#1836,1.);
#1836 = DIRECTION('',(1.,0.));
#1837 = ( GEOMETRIC_REPRESENTATION_CONTEXT(2) 
PARAMETRIC_REPRESENTATION_CONTEXT() REPRESENTATION_CONTEXT('2D SPACE',''
  ) );
#1838 = PCURVE('',#1362,#1839);
#1839 = DEFINITIONAL_REPRESENTATION('',(#1840),#1844);
#1840 = LINE('',#1841,#1842);
#1841 = CARTESIAN_POINT('',(0.,0.));
#1842 = VECTOR('',#1843,1.);
#1843 = DIRECTION('',(0.,1.));
#1844 = ( GEOMETRIC_REPRESENTATION_CONTEXT(2) 
PARAMETRIC_REPRESENTATION_CONTEXT() REPRESENTATION_CONTEXT('2D SPACE',''
  ) );
#1845 = ORIENTED_EDGE('',*,*,#1373,.T.);
#1846 = ORIENTED_EDGE('',*,*,#1847,.T.);
#1847 = EDGE_CURVE('',#1374,#1848,#1850,.T.);
#1848 = VERTEX_POINT('',#1849);
#1849 = CARTESIAN_POINT('',(-2.969530611576,12.363377893881,-3.72));
#1850 = SURFACE_CURVE('',#1851,(#1855,#1862),.PCURVE_S1.);
#1851 = LINE('',#1852,#1853);
#1852 = CARTESIAN_POINT('',(-0.931148292338,8.832796151711,-3.72));
#1853 = VECTOR('',#1854,1.);
#1854 = DIRECTION('',(-0.5,0.866025403784,0.));
#1855 = PCURVE('',#1390,#1856);
#1856 = DEFINITIONAL_REPRESENTATION('',(#1857),#1861);
#1857 = LINE('',#1858,#1859);
#1858 = CARTESIAN_POINT('',(-0.931148292338,8.832796151711));
#1859 = VECTOR('',#1860,1.);
#1860 = DIRECTION('',(-0.5,0.866025403784));
#1861 = ( GEOMETRIC_REPRESENTATION_CONTEXT(2) 
PARAMETRIC_REPRESENTATION_CONTEXT() REPRESENTATION_CONTEXT('2D SPACE',''
  ) );
#1862 = PCURVE('',#1417,#1863);
#1863 = DEFINITIONAL_REPRESENTATION('',(#1864),#1868);
#1864 = LINE('',#1865,#1866);
#1865 = CARTESIAN_POINT('',(0.,0.));
#1866 = VECTOR('',#1867,1.);
#1867 = DIRECTION('',(0.,1.));
#1868 = ( GEOMETRIC_REPRESENTATION_CONTEXT(2) 
PARAMETRIC_REPRESENTATION_CONTEXT() REPRESENTATION_CONTEXT('2D SPACE',''
  ) );
#1869 = ORIENTED_EDGE('',*,*,#1870,.F.);
#1870 = EDGE_CURVE('',#1871,#1848,#1873,.T.);
#1871 = VERTEX_POINT('',#1872);
#1872 = CARTESIAN_POINT('',(-9.2222340269,8.753377893881,-3.72));
#1873 = SURFACE_CURVE('',#1874,(#1879,#1890),.PCURVE_S1.);
#1874 = CIRCLE('',#1875,12.715);
#1875 = AXIS2_PLACEMENT_3D('',#1876,#1877,#1878);
#1876 = CARTESIAN_POINT('',(0.,0.,-3.72));
#1877 = DIRECTION('',(0.,0.,-1.));
#1878 = DIRECTION('',(-0.725303501919,0.688429248437,0.));
#1879 = PCURVE('',#1390,#1880);
#1880 = DEFINITIONAL_REPRESENTATION('',(#1881),#1889);
#1881 = ( BOUNDED_CURVE() B_SPLINE_CURVE(2,(#1882,#1883,#1884,#1885,
#1886,#1887,#1888),.UNSPECIFIED.,.T.,.F.) B_SPLINE_CURVE_WITH_KNOTS((1,2
    ,2,2,2,1),(-2.094395102393,0.,2.094395102393,4.188790204786,
6.28318530718,8.377580409573),.UNSPECIFIED.) CURVE() 
GEOMETRIC_REPRESENTATION_ITEM() RATIONAL_B_SPLINE_CURVE((1.,0.5,1.,0.5,
1.,0.5,1.)) REPRESENTATION_ITEM('') );
#1882 = CARTESIAN_POINT('',(-9.2222340269,8.753377893881));
#1883 = CARTESIAN_POINT('',(5.939061223151,24.726755787763));
#1884 = CARTESIAN_POINT('',(12.191764638476,3.610000000001));
#1885 = CARTESIAN_POINT('',(18.444468053801,-17.50675578776));
#1886 = CARTESIAN_POINT('',(-2.969530611576,-12.36337789388));
#1887 = CARTESIAN_POINT('',(-24.38352927695,-7.220000000001));
#1888 = CARTESIAN_POINT('',(-9.2222340269,8.753377893881));
#1889 = ( GEOMETRIC_REPRESENTATION_CONTEXT(2) 
PARAMETRIC_REPRESENTATION_CONTEXT() REPRESENTATION_CONTEXT('2D SPACE',''
  ) );
#1890 = PCURVE('',#1891,#1896);
#1891 = CYLINDRICAL_SURFACE('',#1892,12.715);
#1892 = AXIS2_PLACEMENT_3D('',#1893,#1894,#1895);
#1893 = CARTESIAN_POINT('',(0.,0.,-3.72));
#1894 = DIRECTION('',(0.,0.,1.));
#1895 = DIRECTION('',(-0.5,0.866025403784,0.));
#1896 = DEFINITIONAL_REPRESENTATION('',(#1897),#1901);
#1897 = LINE('',#1898,#1899);
#1898 = CARTESIAN_POINT('',(6.571061684999,0.));
#1899 = VECTOR('',#1900,1.);
#1900 = DIRECTION('',(-1.,-0.));
#1901 = ( GEOMETRIC_REPRESENTATION_CONTEXT(2) 
PARAMETRIC_REPRESENTATION_CONTEXT() REPRESENTATION_CONTEXT('2D SPACE',''
  ) );
#1902 = ORIENTED_EDGE('',*,*,#1903,.F.);
#1903 = EDGE_CURVE('',#1458,#1871,#1904,.T.);
#1904 = SURFACE_CURVE('',#1905,(#1909,#1916),.PCURVE_S1.);
#1905 = LINE('',#1906,#1907);
#1906 = CARTESIAN_POINT('',(-7.183851707662,5.222796151711,-3.72));
#1907 = VECTOR('',#1908,1.);
#1908 = DIRECTION('',(-0.5,0.866025403784,0.));
#1909 = PCURVE('',#1390,#1910);
#1910 = DEFINITIONAL_REPRESENTATION('',(#1911),#1915);
#1911 = LINE('',#1912,#1913);
#1912 = CARTESIAN_POINT('',(-7.183851707662,5.222796151711));
#1913 = VECTOR('',#1914,1.);
#1914 = DIRECTION('',(-0.5,0.866025403784));
#1915 = ( GEOMETRIC_REPRESENTATION_CONTEXT(2) 
PARAMETRIC_REPRESENTATION_CONTEXT() REPRESENTATION_CONTEXT('2D SPACE',''
  ) );
#1916 = PCURVE('',#1472,#1917);
#1917 = DEFINITIONAL_REPRESENTATION('',(#1918),#1922);
#1918 = LINE('',#1919,#1920);
#1919 = CARTESIAN_POINT('',(0.,0.));
#1920 = VECTOR('',#1921,1.);
#1921 = DIRECTION('',(0.,1.));
#1922 = ( GEOMETRIC_REPRESENTATION_CONTEXT(2) 
PARAMETRIC_REPRESENTATION_CONTEXT() REPRESENTATION_CONTEXT('2D SPACE',''
  ) );
#1923 = ORIENTED_EDGE('',*,*,#1483,.T.);
#1924 = ORIENTED_EDGE('',*,*,#1925,.T.);
#1925 = EDGE_CURVE('',#1484,#1926,#1928,.T.);
#1926 = VERTEX_POINT('',#1927);
#1927 = CARTESIAN_POINT('',(-9.2222340269,-8.753377893881,-3.72));
#1928 = SURFACE_CURVE('',#1929,(#1933,#1940),.PCURVE_S1.);
#1929 = LINE('',#1930,#1931);
#1930 = CARTESIAN_POINT('',(-7.183851707662,-5.222796151711,-3.72));
#1931 = VECTOR('',#1932,1.);
#1932 = DIRECTION('',(-0.5,-0.866025403784,0.));
#1933 = PCURVE('',#1390,#1934);
#1934 = DEFINITIONAL_REPRESENTATION('',(#1935),#1939);
#1935 = LINE('',#1936,#1937);
#1936 = CARTESIAN_POINT('',(-7.183851707662,-5.222796151711));
#1937 = VECTOR('',#1938,1.);
#1938 = DIRECTION('',(-0.5,-0.866025403784));
#1939 = ( GEOMETRIC_REPRESENTATION_CONTEXT(2) 
PARAMETRIC_REPRESENTATION_CONTEXT() REPRESENTATION_CONTEXT('2D SPACE',''
  ) );
#1940 = PCURVE('',#1522,#1941);
#1941 = DEFINITIONAL_REPRESENTATION('',(#1942),#1946);
#1942 = LINE('',#1943,#1944);
#1943 = CARTESIAN_POINT('',(0.,0.));
#1944 = VECTOR('',#1945,1.);
#1945 = DIRECTION('',(0.,1.));
#1946 = ( GEOMETRIC_REPRESENTATION_CONTEXT(2) 
PARAMETRIC_REPRESENTATION_CONTEXT() REPRESENTATION_CONTEXT('2D SPACE',''
  ) );
#1947 = ORIENTED_EDGE('',*,*,#1948,.F.);
#1948 = EDGE_CURVE('',#1949,#1926,#1951,.T.);
#1949 = VERTEX_POINT('',#1950);
#1950 = CARTESIAN_POINT('',(-2.969530611576,-12.36337789388,-3.72));
#1951 = SURFACE_CURVE('',#1952,(#1957,#1968),.PCURVE_S1.);
#1952 = CIRCLE('',#1953,12.715);
#1953 = AXIS2_PLACEMENT_3D('',#1954,#1955,#1956);
#1954 = CARTESIAN_POINT('',(0.,0.,-3.72));
#1955 = DIRECTION('',(-0.,0.,-1.));
#1956 = DIRECTION('',(-0.233545466895,-0.972345882334,0.));
#1957 = PCURVE('',#1390,#1958);
#1958 = DEFINITIONAL_REPRESENTATION('',(#1959),#1967);
#1959 = ( BOUNDED_CURVE() B_SPLINE_CURVE(2,(#1960,#1961,#1962,#1963,
#1964,#1965,#1966),.UNSPECIFIED.,.T.,.F.) B_SPLINE_CURVE_WITH_KNOTS((1,2
    ,2,2,2,1),(-2.094395102393,0.,2.094395102393,4.188790204786,
6.28318530718,8.377580409573),.UNSPECIFIED.) CURVE() 
GEOMETRIC_REPRESENTATION_ITEM() RATIONAL_B_SPLINE_CURVE((1.,0.5,1.,0.5,
1.,0.5,1.)) REPRESENTATION_ITEM('') );
#1960 = CARTESIAN_POINT('',(-2.969530611576,-12.36337789388));
#1961 = CARTESIAN_POINT('',(-24.38352927695,-7.220000000001));
#1962 = CARTESIAN_POINT('',(-9.2222340269,8.753377893881));
#1963 = CARTESIAN_POINT('',(5.939061223151,24.726755787763));
#1964 = CARTESIAN_POINT('',(12.191764638476,3.610000000001));
#1965 = CARTESIAN_POINT('',(18.444468053801,-17.50675578776));
#1966 = CARTESIAN_POINT('',(-2.969530611576,-12.36337789388));
#1967 = ( GEOMETRIC_REPRESENTATION_CONTEXT(2) 
PARAMETRIC_REPRESENTATION_CONTEXT() REPRESENTATION_CONTEXT('2D SPACE',''
  ) );
#1968 = PCURVE('',#1969,#1974);
#1969 = CYLINDRICAL_SURFACE('',#1970,12.715);
#1970 = AXIS2_PLACEMENT_3D('',#1971,#1972,#1973);
#1971 = CARTESIAN_POINT('',(0.,0.,-3.72));
#1972 = DIRECTION('',(0.,0.,1.));
#1973 = DIRECTION('',(-0.5,-0.866025403784,0.));
#1974 = DEFINITIONAL_REPRESENTATION('',(#1975),#1979);
#1975 = LINE('',#1976,#1977);
#1976 = CARTESIAN_POINT('',(6.571061684999,0.));
#1977 = VECTOR('',#1978,1.);
#1978 = DIRECTION('',(-1.,-0.));
#1979 = ( GEOMETRIC_REPRESENTATION_CONTEXT(2) 
PARAMETRIC_REPRESENTATION_CONTEXT() REPRESENTATION_CONTEXT('2D SPACE',''
  ) );
#1980 = ORIENTED_EDGE('',*,*,#1981,.F.);
#1981 = EDGE_CURVE('',#1563,#1949,#1982,.T.);
#1982 = SURFACE_CURVE('',#1983,(#1987,#1994),.PCURVE_S1.);
#1983 = LINE('',#1984,#1985);
#1984 = CARTESIAN_POINT('',(-0.931148292338,-8.832796151711,-3.72));
#1985 = VECTOR('',#1986,1.);
#1986 = DIRECTION('',(-0.5,-0.866025403784,0.));
#1987 = PCURVE('',#1390,#1988);
#1988 = DEFINITIONAL_REPRESENTATION('',(#1989),#1993);
#1989 = LINE('',#1990,#1991);
#1990 = CARTESIAN_POINT('',(-0.931148292338,-8.832796151711));
#1991 = VECTOR('',#1992,1.);
#1992 = DIRECTION('',(-0.5,-0.866025403784));
#1993 = ( GEOMETRIC_REPRESENTATION_CONTEXT(2) 
PARAMETRIC_REPRESENTATION_CONTEXT() REPRESENTATION_CONTEXT('2D SPACE',''
  ) );
#1994 = PCURVE('',#1577,#1995);
#1995 = DEFINITIONAL_REPRESENTATION('',(#1996),#2000);
#1996 = LINE('',#1997,#1998);
#1997 = CARTESIAN_POINT('',(0.,0.));
#1998 = VECTOR('',#1999,1.);
#1999 = DIRECTION('',(0.,1.));
#2000 = ( GEOMETRIC_REPRESENTATION_CONTEXT(2) 
PARAMETRIC_REPRESENTATION_CONTEXT() REPRESENTATION_CONTEXT('2D SPACE',''
  ) );
#2001 = FACE_BOUND('',#2002,.F.);
#2002 = EDGE_LOOP('',(#2003));
#2003 = ORIENTED_EDGE('',*,*,#2004,.F.);
#2004 = EDGE_CURVE('',#2005,#2005,#2007,.T.);
#2005 = VERTEX_POINT('',#2006);
#2006 = CARTESIAN_POINT('',(6.185,-1.514888090545E-15,-3.72));
#2007 = SURFACE_CURVE('',#2008,(#2013,#2020),.PCURVE_S1.);
#2008 = CIRCLE('',#2009,6.185);
#2009 = AXIS2_PLACEMENT_3D('',#2010,#2011,#2012);
#2010 = CARTESIAN_POINT('',(0.,0.,-3.72));
#2011 = DIRECTION('',(0.,0.,1.));
#2012 = DIRECTION('',(1.,0.,-0.));
#2013 = PCURVE('',#1390,#2014);
#2014 = DEFINITIONAL_REPRESENTATION('',(#2015),#2019);
#2015 = CIRCLE('',#2016,6.185);
#2016 = AXIS2_PLACEMENT_2D('',#2017,#2018);
#2017 = CARTESIAN_POINT('',(0.,0.));
#2018 = DIRECTION('',(1.,0.));
#2019 = ( GEOMETRIC_REPRESENTATION_CONTEXT(2) 
PARAMETRIC_REPRESENTATION_CONTEXT() REPRESENTATION_CONTEXT('2D SPACE',''
  ) );
#2020 = PCURVE('',#2021,#2026);
#2021 = CYLINDRICAL_SURFACE('',#2022,6.185);
#2022 = AXIS2_PLACEMENT_3D('',#2023,#2024,#2025);
#2023 = CARTESIAN_POINT('',(0.,0.,-3.72));
#2024 = DIRECTION('',(0.,0.,1.));
#2025 = DIRECTION('',(1.,0.,-0.));
#2026 = DEFINITIONAL_REPRESENTATION('',(#2027),#2031);
#2027 = LINE('',#2028,#2029);
#2028 = CARTESIAN_POINT('',(0.,0.));
#2029 = VECTOR('',#2030,1.);
#2030 = DIRECTION('',(1.,0.));
#2031 = ( GEOMETRIC_REPRESENTATION_CONTEXT(2) 
PARAMETRIC_REPRESENTATION_CONTEXT() REPRESENTATION_CONTEXT('2D SPACE',''
  ) );
#2032 = ADVANCED_FACE('',(#2033),#1577,.T.);
#2033 = FACE_BOUND('',#2034,.T.);
#2034 = EDGE_LOOP('',(#2035,#2036,#2037,#2060));
#2035 = ORIENTED_EDGE('',*,*,#1981,.F.);
#2036 = ORIENTED_EDGE('',*,*,#1562,.T.);
#2037 = ORIENTED_EDGE('',*,*,#2038,.T.);
#2038 = EDGE_CURVE('',#1534,#2039,#2041,.T.);
#2039 = VERTEX_POINT('',#2040);
#2040 = CARTESIAN_POINT('',(-2.969530611576,-12.36337789388,-2.22));
#2041 = SURFACE_CURVE('',#2042,(#2046,#2053),.PCURVE_S1.);
#2042 = LINE('',#2043,#2044);
#2043 = CARTESIAN_POINT('',(-0.931148292338,-8.832796151711,-2.22));
#2044 = VECTOR('',#2045,1.);
#2045 = DIRECTION('',(-0.5,-0.866025403784,0.));
#2046 = PCURVE('',#1577,#2047);
#2047 = DEFINITIONAL_REPRESENTATION('',(#2048),#2052);
#2048 = LINE('',#2049,#2050);
#2049 = CARTESIAN_POINT('',(1.5,0.));
#2050 = VECTOR('',#2051,1.);
#2051 = DIRECTION('',(0.,1.));
#2052 = ( GEOMETRIC_REPRESENTATION_CONTEXT(2) 
PARAMETRIC_REPRESENTATION_CONTEXT() REPRESENTATION_CONTEXT('2D SPACE',''
  ) );
#2053 = PCURVE('',#1550,#2054);
#2054 = DEFINITIONAL_REPRESENTATION('',(#2055),#2059);
#2055 = LINE('',#2056,#2057);
#2056 = CARTESIAN_POINT('',(0.,7.22));
#2057 = VECTOR('',#2058,1.);
#2058 = DIRECTION('',(1.,0.));
#2059 = ( GEOMETRIC_REPRESENTATION_CONTEXT(2) 
PARAMETRIC_REPRESENTATION_CONTEXT() REPRESENTATION_CONTEXT('2D SPACE',''
  ) );
#2060 = ORIENTED_EDGE('',*,*,#2061,.F.);
#2061 = EDGE_CURVE('',#1949,#2039,#2062,.T.);
#2062 = SURFACE_CURVE('',#2063,(#2067,#2073),.PCURVE_S1.);
#2063 = LINE('',#2064,#2065);
#2064 = CARTESIAN_POINT('',(-2.969530611576,-12.36337789388,-3.72));
#2065 = VECTOR('',#2066,1.);
#2066 = DIRECTION('',(0.,0.,1.));
#2067 = PCURVE('',#1577,#2068);
#2068 = DEFINITIONAL_REPRESENTATION('',(#2069),#2072);
#2069 = B_SPLINE_CURVE_WITH_KNOTS('',1,(#2070,#2071),.UNSPECIFIED.,.F.,
  .F.,(2,2),(-5.999999999062E-07,1.5000006),.PIECEWISE_BEZIER_KNOTS.);
#2070 = CARTESIAN_POINT('',(-5.999999999062E-07,4.076764638476));
#2071 = CARTESIAN_POINT('',(1.5000006,4.076764638476));
#2072 = ( GEOMETRIC_REPRESENTATION_CONTEXT(2) 
PARAMETRIC_REPRESENTATION_CONTEXT() REPRESENTATION_CONTEXT('2D SPACE',''
  ) );
#2073 = PCURVE('',#1969,#2074);
#2074 = DEFINITIONAL_REPRESENTATION('',(#2075),#2078);
#2075 = B_SPLINE_CURVE_WITH_KNOTS('',1,(#2076,#2077),.UNSPECIFIED.,.F.,
  .F.,(2,2),(0.,1.5),.PIECEWISE_BEZIER_KNOTS.);
#2076 = CARTESIAN_POINT('',(6.571061684999,0.));
#2077 = CARTESIAN_POINT('',(6.571061684999,1.5));
#2078 = ( GEOMETRIC_REPRESENTATION_CONTEXT(2) 
PARAMETRIC_REPRESENTATION_CONTEXT() REPRESENTATION_CONTEXT('2D SPACE',''
  ) );
#2079 = ADVANCED_FACE('',(#2080),#1550,.T.);
#2080 = FACE_BOUND('',#2081,.T.);
#2081 = EDGE_LOOP('',(#2082,#2083,#2084,#2107));
#2082 = ORIENTED_EDGE('',*,*,#2038,.F.);
#2083 = ORIENTED_EDGE('',*,*,#1533,.F.);
#2084 = ORIENTED_EDGE('',*,*,#2085,.T.);
#2085 = EDGE_CURVE('',#1508,#2086,#2088,.T.);
#2086 = VERTEX_POINT('',#2087);
#2087 = CARTESIAN_POINT('',(-9.2222340269,-8.753377893881,-2.22));
#2088 = SURFACE_CURVE('',#2089,(#2093,#2100),.PCURVE_S1.);
#2089 = LINE('',#2090,#2091);
#2090 = CARTESIAN_POINT('',(-7.183851707662,-5.222796151711,-2.22));
#2091 = VECTOR('',#2092,1.);
#2092 = DIRECTION('',(-0.5,-0.866025403784,0.));
#2093 = PCURVE('',#1550,#2094);
#2094 = DEFINITIONAL_REPRESENTATION('',(#2095),#2099);
#2095 = LINE('',#2096,#2097);
#2096 = CARTESIAN_POINT('',(0.,0.));
#2097 = VECTOR('',#2098,1.);
#2098 = DIRECTION('',(1.,0.));
#2099 = ( GEOMETRIC_REPRESENTATION_CONTEXT(2) 
PARAMETRIC_REPRESENTATION_CONTEXT() REPRESENTATION_CONTEXT('2D SPACE',''
  ) );
#2100 = PCURVE('',#1522,#2101);
#2101 = DEFINITIONAL_REPRESENTATION('',(#2102),#2106);
#2102 = LINE('',#2103,#2104);
#2103 = CARTESIAN_POINT('',(1.5,0.));
#2104 = VECTOR('',#2105,1.);
#2105 = DIRECTION('',(0.,1.));
#2106 = ( GEOMETRIC_REPRESENTATION_CONTEXT(2) 
PARAMETRIC_REPRESENTATION_CONTEXT() REPRESENTATION_CONTEXT('2D SPACE',''
  ) );
#2107 = ORIENTED_EDGE('',*,*,#2108,.T.);
#2108 = EDGE_CURVE('',#2086,#2039,#2109,.T.);
#2109 = SURFACE_CURVE('',#2110,(#2115,#2122),.PCURVE_S1.);
#2110 = CIRCLE('',#2111,12.715);
#2111 = AXIS2_PLACEMENT_3D('',#2112,#2113,#2114);
#2112 = CARTESIAN_POINT('',(0.,0.,-2.22));
#2113 = DIRECTION('',(0.,0.,1.));
#2114 = DIRECTION('',(-0.725303501919,-0.688429248437,0.));
#2115 = PCURVE('',#1550,#2116);
#2116 = DEFINITIONAL_REPRESENTATION('',(#2117),#2121);
#2117 = CIRCLE('',#2118,12.715);
#2118 = AXIS2_PLACEMENT_2D('',#2119,#2120);
#2119 = CARTESIAN_POINT('',(-8.115,3.61));
#2120 = DIRECTION('',(0.958848968814,-0.283916633897));
#2121 = ( GEOMETRIC_REPRESENTATION_CONTEXT(2) 
PARAMETRIC_REPRESENTATION_CONTEXT() REPRESENTATION_CONTEXT('2D SPACE',''
  ) );
#2122 = PCURVE('',#1969,#2123);
#2123 = DEFINITIONAL_REPRESENTATION('',(#2124),#2128);
#2124 = LINE('',#2125,#2126);
#2125 = CARTESIAN_POINT('',(5.99530892936,1.5));
#2126 = VECTOR('',#2127,1.);
#2127 = DIRECTION('',(1.,0.));
#2128 = ( GEOMETRIC_REPRESENTATION_CONTEXT(2) 
PARAMETRIC_REPRESENTATION_CONTEXT() REPRESENTATION_CONTEXT('2D SPACE',''
  ) );
#2129 = ADVANCED_FACE('',(#2130),#1522,.F.);
#2130 = FACE_BOUND('',#2131,.F.);
#2131 = EDGE_LOOP('',(#2132,#2133,#2134,#2135));
#2132 = ORIENTED_EDGE('',*,*,#1925,.F.);
#2133 = ORIENTED_EDGE('',*,*,#1507,.T.);
#2134 = ORIENTED_EDGE('',*,*,#2085,.T.);
#2135 = ORIENTED_EDGE('',*,*,#2136,.F.);
#2136 = EDGE_CURVE('',#1926,#2086,#2137,.T.);
#2137 = SURFACE_CURVE('',#2138,(#2142,#2148),.PCURVE_S1.);
#2138 = LINE('',#2139,#2140);
#2139 = CARTESIAN_POINT('',(-9.2222340269,-8.753377893881,-3.72));
#2140 = VECTOR('',#2141,1.);
#2141 = DIRECTION('',(0.,0.,1.));
#2142 = PCURVE('',#1522,#2143);
#2143 = DEFINITIONAL_REPRESENTATION('',(#2144),#2147);
#2144 = B_SPLINE_CURVE_WITH_KNOTS('',1,(#2145,#2146),.UNSPECIFIED.,.F.,
  .F.,(2,2),(-5.999999999062E-07,1.5000006),.PIECEWISE_BEZIER_KNOTS.);
#2145 = CARTESIAN_POINT('',(-5.999999999062E-07,4.076764638476));
#2146 = CARTESIAN_POINT('',(1.5000006,4.076764638476));
#2147 = ( GEOMETRIC_REPRESENTATION_CONTEXT(2) 
PARAMETRIC_REPRESENTATION_CONTEXT() REPRESENTATION_CONTEXT('2D SPACE',''
  ) );
#2148 = PCURVE('',#1969,#2149);
#2149 = DEFINITIONAL_REPRESENTATION('',(#2150),#2153);
#2150 = B_SPLINE_CURVE_WITH_KNOTS('',1,(#2151,#2152),.UNSPECIFIED.,.F.,
  .F.,(2,2),(0.,1.5),.PIECEWISE_BEZIER_KNOTS.);
#2151 = CARTESIAN_POINT('',(5.99530892936,0.));
#2152 = CARTESIAN_POINT('',(5.99530892936,1.5));
#2153 = ( GEOMETRIC_REPRESENTATION_CONTEXT(2) 
PARAMETRIC_REPRESENTATION_CONTEXT() REPRESENTATION_CONTEXT('2D SPACE',''
  ) );
#2154 = ADVANCED_FACE('',(#2155),#1472,.T.);
#2155 = FACE_BOUND('',#2156,.T.);
#2156 = EDGE_LOOP('',(#2157,#2158,#2159,#2182));
#2157 = ORIENTED_EDGE('',*,*,#1903,.F.);
#2158 = ORIENTED_EDGE('',*,*,#1457,.T.);
#2159 = ORIENTED_EDGE('',*,*,#2160,.T.);
#2160 = EDGE_CURVE('',#1429,#2161,#2163,.T.);
#2161 = VERTEX_POINT('',#2162);
#2162 = CARTESIAN_POINT('',(-9.2222340269,8.753377893881,-2.22));
#2163 = SURFACE_CURVE('',#2164,(#2168,#2175),.PCURVE_S1.);
#2164 = LINE('',#2165,#2166);
#2165 = CARTESIAN_POINT('',(-7.183851707662,5.222796151711,-2.22));
#2166 = VECTOR('',#2167,1.);
#2167 = DIRECTION('',(-0.5,0.866025403784,0.));
#2168 = PCURVE('',#1472,#2169);
#2169 = DEFINITIONAL_REPRESENTATION('',(#2170),#2174);
#2170 = LINE('',#2171,#2172);
#2171 = CARTESIAN_POINT('',(1.5,0.));
#2172 = VECTOR('',#2173,1.);
#2173 = DIRECTION('',(0.,1.));
#2174 = ( GEOMETRIC_REPRESENTATION_CONTEXT(2) 
PARAMETRIC_REPRESENTATION_CONTEXT() REPRESENTATION_CONTEXT('2D SPACE',''
  ) );
#2175 = PCURVE('',#1445,#2176);
#2176 = DEFINITIONAL_REPRESENTATION('',(#2177),#2181);
#2177 = LINE('',#2178,#2179);
#2178 = CARTESIAN_POINT('',(0.,7.22));
#2179 = VECTOR('',#2180,1.);
#2180 = DIRECTION('',(1.,0.));
#2181 = ( GEOMETRIC_REPRESENTATION_CONTEXT(2) 
PARAMETRIC_REPRESENTATION_CONTEXT() REPRESENTATION_CONTEXT('2D SPACE',''
  ) );
#2182 = ORIENTED_EDGE('',*,*,#2183,.F.);
#2183 = EDGE_CURVE('',#1871,#2161,#2184,.T.);
#2184 = SURFACE_CURVE('',#2185,(#2189,#2195),.PCURVE_S1.);
#2185 = LINE('',#2186,#2187);
#2186 = CARTESIAN_POINT('',(-9.2222340269,8.753377893881,-3.72));
#2187 = VECTOR('',#2188,1.);
#2188 = DIRECTION('',(0.,0.,1.));
#2189 = PCURVE('',#1472,#2190);
#2190 = DEFINITIONAL_REPRESENTATION('',(#2191),#2194);
#2191 = B_SPLINE_CURVE_WITH_KNOTS('',1,(#2192,#2193),.UNSPECIFIED.,.F.,
  .F.,(2,2),(-5.999999999062E-07,1.5000006),.PIECEWISE_BEZIER_KNOTS.);
#2192 = CARTESIAN_POINT('',(-5.999999999062E-07,4.076764638476));
#2193 = CARTESIAN_POINT('',(1.5000006,4.076764638476));
#2194 = ( GEOMETRIC_REPRESENTATION_CONTEXT(2) 
PARAMETRIC_REPRESENTATION_CONTEXT() REPRESENTATION_CONTEXT('2D SPACE',''
  ) );
#2195 = PCURVE('',#1891,#2196);
#2196 = DEFINITIONAL_REPRESENTATION('',(#2197),#2200);
#2197 = B_SPLINE_CURVE_WITH_KNOTS('',1,(#2198,#2199),.UNSPECIFIED.,.F.,
  .F.,(2,2),(0.,1.5),.PIECEWISE_BEZIER_KNOTS.);
#2198 = CARTESIAN_POINT('',(6.571061684999,0.));
#2199 = CARTESIAN_POINT('',(6.571061684999,1.5));
#2200 = ( GEOMETRIC_REPRESENTATION_CONTEXT(2) 
PARAMETRIC_REPRESENTATION_CONTEXT() REPRESENTATION_CONTEXT('2D SPACE',''
  ) );
#2201 = ADVANCED_FACE('',(#2202),#1445,.T.);
#2202 = FACE_BOUND('',#2203,.T.);
#2203 = EDGE_LOOP('',(#2204,#2205,#2206,#2229));
#2204 = ORIENTED_EDGE('',*,*,#2160,.F.);
#2205 = ORIENTED_EDGE('',*,*,#1428,.F.);
#2206 = ORIENTED_EDGE('',*,*,#2207,.T.);
#2207 = EDGE_CURVE('',#1403,#2208,#2210,.T.);
#2208 = VERTEX_POINT('',#2209);
#2209 = CARTESIAN_POINT('',(-2.969530611576,12.363377893881,-2.22));
#2210 = SURFACE_CURVE('',#2211,(#2215,#2222),.PCURVE_S1.);
#2211 = LINE('',#2212,#2213);
#2212 = CARTESIAN_POINT('',(-0.931148292338,8.832796151711,-2.22));
#2213 = VECTOR('',#2214,1.);
#2214 = DIRECTION('',(-0.5,0.866025403784,0.));
#2215 = PCURVE('',#1445,#2216);
#2216 = DEFINITIONAL_REPRESENTATION('',(#2217),#2221);
#2217 = LINE('',#2218,#2219);
#2218 = CARTESIAN_POINT('',(0.,0.));
#2219 = VECTOR('',#2220,1.);
#2220 = DIRECTION('',(1.,0.));
#2221 = ( GEOMETRIC_REPRESENTATION_CONTEXT(2) 
PARAMETRIC_REPRESENTATION_CONTEXT() REPRESENTATION_CONTEXT('2D SPACE',''
  ) );
#2222 = PCURVE('',#1417,#2223);
#2223 = DEFINITIONAL_REPRESENTATION('',(#2224),#2228);
#2224 = LINE('',#2225,#2226);
#2225 = CARTESIAN_POINT('',(1.5,0.));
#2226 = VECTOR('',#2227,1.);
#2227 = DIRECTION('',(0.,1.));
#2228 = ( GEOMETRIC_REPRESENTATION_CONTEXT(2) 
PARAMETRIC_REPRESENTATION_CONTEXT() REPRESENTATION_CONTEXT('2D SPACE',''
  ) );
#2229 = ORIENTED_EDGE('',*,*,#2230,.T.);
#2230 = EDGE_CURVE('',#2208,#2161,#2231,.T.);
#2231 = SURFACE_CURVE('',#2232,(#2237,#2244),.PCURVE_S1.);
#2232 = CIRCLE('',#2233,12.715);
#2233 = AXIS2_PLACEMENT_3D('',#2234,#2235,#2236);
#2234 = CARTESIAN_POINT('',(0.,0.,-2.22));
#2235 = DIRECTION('',(0.,0.,1.));
#2236 = DIRECTION('',(-0.233545466895,0.972345882334,0.));
#2237 = PCURVE('',#1445,#2238);
#2238 = DEFINITIONAL_REPRESENTATION('',(#2239),#2243);
#2239 = CIRCLE('',#2240,12.715);
#2240 = AXIS2_PLACEMENT_2D('',#2241,#2242);
#2241 = CARTESIAN_POINT('',(-8.115,3.61));
#2242 = DIRECTION('',(0.958848968814,-0.283916633897));
#2243 = ( GEOMETRIC_REPRESENTATION_CONTEXT(2) 
PARAMETRIC_REPRESENTATION_CONTEXT() REPRESENTATION_CONTEXT('2D SPACE',''
  ) );
#2244 = PCURVE('',#1891,#2245);
#2245 = DEFINITIONAL_REPRESENTATION('',(#2246),#2250);
#2246 = LINE('',#2247,#2248);
#2247 = CARTESIAN_POINT('',(5.99530892936,1.5));
#2248 = VECTOR('',#2249,1.);
#2249 = DIRECTION('',(1.,0.));
#2250 = ( GEOMETRIC_REPRESENTATION_CONTEXT(2) 
PARAMETRIC_REPRESENTATION_CONTEXT() REPRESENTATION_CONTEXT('2D SPACE',''
  ) );
#2251 = ADVANCED_FACE('',(#2252),#1417,.F.);
#2252 = FACE_BOUND('',#2253,.F.);
#2253 = EDGE_LOOP('',(#2254,#2255,#2256,#2257));
#2254 = ORIENTED_EDGE('',*,*,#1847,.F.);
#2255 = ORIENTED_EDGE('',*,*,#1402,.T.);
#2256 = ORIENTED_EDGE('',*,*,#2207,.T.);
#2257 = ORIENTED_EDGE('',*,*,#2258,.F.);
#2258 = EDGE_CURVE('',#1848,#2208,#2259,.T.);
#2259 = SURFACE_CURVE('',#2260,(#2264,#2270),.PCURVE_S1.);
#2260 = LINE('',#2261,#2262);
#2261 = CARTESIAN_POINT('',(-2.969530611576,12.363377893881,-3.72));
#2262 = VECTOR('',#2263,1.);
#2263 = DIRECTION('',(0.,0.,1.));
#2264 = PCURVE('',#1417,#2265);
#2265 = DEFINITIONAL_REPRESENTATION('',(#2266),#2269);
#2266 = B_SPLINE_CURVE_WITH_KNOTS('',1,(#2267,#2268),.UNSPECIFIED.,.F.,
  .F.,(2,2),(-5.999999999062E-07,1.5000006),.PIECEWISE_BEZIER_KNOTS.);
#2267 = CARTESIAN_POINT('',(-5.999999999062E-07,4.076764638476));
#2268 = CARTESIAN_POINT('',(1.5000006,4.076764638476));
#2269 = ( GEOMETRIC_REPRESENTATION_CONTEXT(2) 
PARAMETRIC_REPRESENTATION_CONTEXT() REPRESENTATION_CONTEXT('2D SPACE',''
  ) );
#2270 = PCURVE('',#1891,#2271);
#2271 = DEFINITIONAL_REPRESENTATION('',(#2272),#2275);
#2272 = B_SPLINE_CURVE_WITH_KNOTS('',1,(#2273,#2274),.UNSPECIFIED.,.F.,
  .F.,(2,2),(0.,1.5),.PIECEWISE_BEZIER_KNOTS.);
#2273 = CARTESIAN_POINT('',(5.99530892936,0.));
#2274 = CARTESIAN_POINT('',(5.99530892936,1.5));
#2275 = ( GEOMETRIC_REPRESENTATION_CONTEXT(2) 
PARAMETRIC_REPRESENTATION_CONTEXT() REPRESENTATION_CONTEXT('2D SPACE',''
  ) );
#2276 = ADVANCED_FACE('',(#2277),#1362,.T.);
#2277 = FACE_BOUND('',#2278,.T.);
#2278 = EDGE_LOOP('',(#2279,#2280,#2281,#2282));
#2279 = ORIENTED_EDGE('',*,*,#1825,.F.);
#2280 = ORIENTED_EDGE('',*,*,#1347,.T.);
#2281 = ORIENTED_EDGE('',*,*,#1670,.T.);
#2282 = ORIENTED_EDGE('',*,*,#2283,.F.);
#2283 = EDGE_CURVE('',#1798,#1671,#2284,.T.);
#2284 = SURFACE_CURVE('',#2285,(#2289,#2295),.PCURVE_S1.);
#2285 = LINE('',#2286,#2287);
#2286 = CARTESIAN_POINT('',(12.191764638476,3.61,-3.72));
#2287 = VECTOR('',#2288,1.);
#2288 = DIRECTION('',(0.,0.,1.));
#2289 = PCURVE('',#1362,#2290);
#2290 = DEFINITIONAL_REPRESENTATION('',(#2291),#2294);
#2291 = B_SPLINE_CURVE_WITH_KNOTS('',1,(#2292,#2293),.UNSPECIFIED.,.F.,
  .F.,(2,2),(-5.999999999062E-07,1.5000006),.PIECEWISE_BEZIER_KNOTS.);
#2292 = CARTESIAN_POINT('',(-5.999999999062E-07,4.076764638476));
#2293 = CARTESIAN_POINT('',(1.5000006,4.076764638476));
#2294 = ( GEOMETRIC_REPRESENTATION_CONTEXT(2) 
PARAMETRIC_REPRESENTATION_CONTEXT() REPRESENTATION_CONTEXT('2D SPACE',''
  ) );
#2295 = PCURVE('',#1733,#2296);
#2296 = DEFINITIONAL_REPRESENTATION('',(#2297),#2300);
#2297 = B_SPLINE_CURVE_WITH_KNOTS('',1,(#2298,#2299),.UNSPECIFIED.,.F.,
  .F.,(2,2),(0.,1.5),.PIECEWISE_BEZIER_KNOTS.);
#2298 = CARTESIAN_POINT('',(6.571061684999,0.));
#2299 = CARTESIAN_POINT('',(6.571061684999,1.5));
#2300 = ( GEOMETRIC_REPRESENTATION_CONTEXT(2) 
PARAMETRIC_REPRESENTATION_CONTEXT() REPRESENTATION_CONTEXT('2D SPACE',''
  ) );
#2301 = ADVANCED_FACE('',(#2302),#1733,.T.);
#2302 = FACE_BOUND('',#2303,.T.);
#2303 = EDGE_LOOP('',(#2304,#2305,#2306,#2307));
#2304 = ORIENTED_EDGE('',*,*,#1797,.F.);
#2305 = ORIENTED_EDGE('',*,*,#2283,.T.);
#2306 = ORIENTED_EDGE('',*,*,#1718,.F.);
#2307 = ORIENTED_EDGE('',*,*,#1773,.F.);
#2308 = ADVANCED_FACE('',(#2309),#1891,.T.);
#2309 = FACE_BOUND('',#2310,.T.);
#2310 = EDGE_LOOP('',(#2311,#2312,#2313,#2314));
#2311 = ORIENTED_EDGE('',*,*,#1870,.F.);
#2312 = ORIENTED_EDGE('',*,*,#2183,.T.);
#2313 = ORIENTED_EDGE('',*,*,#2230,.F.);
#2314 = ORIENTED_EDGE('',*,*,#2258,.F.);
#2315 = ADVANCED_FACE('',(#2316),#1969,.T.);
#2316 = FACE_BOUND('',#2317,.T.);
#2317 = EDGE_LOOP('',(#2318,#2319,#2320,#2321));
#2318 = ORIENTED_EDGE('',*,*,#1948,.F.);
#2319 = ORIENTED_EDGE('',*,*,#2061,.T.);
#2320 = ORIENTED_EDGE('',*,*,#2108,.F.);
#2321 = ORIENTED_EDGE('',*,*,#2136,.F.);
#2322 = ADVANCED_FACE('',(#2323),#2021,.F.);
#2323 = FACE_BOUND('',#2324,.F.);
#2324 = EDGE_LOOP('',(#2325,#2354,#2375,#2376));
#2325 = ORIENTED_EDGE('',*,*,#2326,.F.);
#2326 = EDGE_CURVE('',#2327,#2327,#2329,.T.);
#2327 = VERTEX_POINT('',#2328);
#2328 = CARTESIAN_POINT('',(6.185,-1.514888090545E-15,0.));
#2329 = SURFACE_CURVE('',#2330,(#2335,#2342),.PCURVE_S1.);
#2330 = CIRCLE('',#2331,6.185);
#2331 = AXIS2_PLACEMENT_3D('',#2332,#2333,#2334);
#2332 = CARTESIAN_POINT('',(0.,0.,0.));
#2333 = DIRECTION('',(0.,0.,1.));
#2334 = DIRECTION('',(1.,0.,-0.));
#2335 = PCURVE('',#2021,#2336);
#2336 = DEFINITIONAL_REPRESENTATION('',(#2337),#2341);
#2337 = LINE('',#2338,#2339);
#2338 = CARTESIAN_POINT('',(0.,3.72));
#2339 = VECTOR('',#2340,1.);
#2340 = DIRECTION('',(1.,0.));
#2341 = ( GEOMETRIC_REPRESENTATION_CONTEXT(2) 
PARAMETRIC_REPRESENTATION_CONTEXT() REPRESENTATION_CONTEXT('2D SPACE',''
  ) );
#2342 = PCURVE('',#2343,#2348);
#2343 = PLANE('',#2344);
#2344 = AXIS2_PLACEMENT_3D('',#2345,#2346,#2347);
#2345 = CARTESIAN_POINT('',(0.,0.,0.));
#2346 = DIRECTION('',(0.,0.,1.));
#2347 = DIRECTION('',(1.,0.,-0.));
#2348 = DEFINITIONAL_REPRESENTATION('',(#2349),#2353);
#2349 = CIRCLE('',#2350,6.185);
#2350 = AXIS2_PLACEMENT_2D('',#2351,#2352);
#2351 = CARTESIAN_POINT('',(0.,0.));
#2352 = DIRECTION('',(1.,0.));
#2353 = ( GEOMETRIC_REPRESENTATION_CONTEXT(2) 
PARAMETRIC_REPRESENTATION_CONTEXT() REPRESENTATION_CONTEXT('2D SPACE',''
  ) );
#2354 = ORIENTED_EDGE('',*,*,#2355,.F.);
#2355 = EDGE_CURVE('',#2005,#2327,#2356,.T.);
#2356 = SEAM_CURVE('',#2357,(#2361,#2368),.PCURVE_S1.);
#2357 = LINE('',#2358,#2359);
#2358 = CARTESIAN_POINT('',(6.185,-1.514888090545E-15,-3.72));
#2359 = VECTOR('',#2360,1.);
#2360 = DIRECTION('',(0.,0.,1.));
#2361 = PCURVE('',#2021,#2362);
#2362 = DEFINITIONAL_REPRESENTATION('',(#2363),#2367);
#2363 = LINE('',#2364,#2365);
#2364 = CARTESIAN_POINT('',(6.28318530718,-0.));
#2365 = VECTOR('',#2366,1.);
#2366 = DIRECTION('',(0.,1.));
#2367 = ( GEOMETRIC_REPRESENTATION_CONTEXT(2) 
PARAMETRIC_REPRESENTATION_CONTEXT() REPRESENTATION_CONTEXT('2D SPACE',''
  ) );
#2368 = PCURVE('',#2021,#2369);
#2369 = DEFINITIONAL_REPRESENTATION('',(#2370),#2374);
#2370 = LINE('',#2371,#2372);
#2371 = CARTESIAN_POINT('',(0.,-0.));
#2372 = VECTOR('',#2373,1.);
#2373 = DIRECTION('',(0.,1.));
#2374 = ( GEOMETRIC_REPRESENTATION_CONTEXT(2) 
PARAMETRIC_REPRESENTATION_CONTEXT() REPRESENTATION_CONTEXT('2D SPACE',''
  ) );
#2375 = ORIENTED_EDGE('',*,*,#2004,.T.);
#2376 = ORIENTED_EDGE('',*,*,#2355,.T.);
#2377 = ADVANCED_FACE('',(#2378),#2343,.F.);
#2378 = FACE_BOUND('',#2379,.F.);
#2379 = EDGE_LOOP('',(#2380));
#2380 = ORIENTED_EDGE('',*,*,#2326,.T.);
#2381 = ( GEOMETRIC_REPRESENTATION_CONTEXT(3) 
GLOBAL_UNCERTAINTY_ASSIGNED_CONTEXT((#2385)) 
GLOBAL_UNIT_ASSIGNED_CONTEXT((#2382,#2383,#2384)) REPRESENTATION_CONTEXT
('Context #1','3D Context with UNIT and UNCERTAINTY') );
#2382 = ( LENGTH_UNIT() NAMED_UNIT(*) SI_UNIT(.MILLI.,.METRE.) );
#2383 = ( NAMED_UNIT(*) PLANE_ANGLE_UNIT() SI_UNIT($,.RADIAN.) );
#2384 = ( NAMED_UNIT(*) SI_UNIT($,.STERADIAN.) SOLID_ANGLE_UNIT() );
#2385 = UNCERTAINTY_MEASURE_WITH_UNIT(LENGTH_MEASURE(1.E-07),#2382,
  'distance_accuracy_value','confusion accuracy');
#2386 = PRODUCT_RELATED_PRODUCT_CATEGORY('part',$,(#7));
ENDSEC;
END-ISO-10303-21;
